label	motif	max_TF_exp	ATAC_enhancer_var	ATAC_promoter_var	RNA_enhancer_var	RNA_promoter_var	ATAC_enhancer_padj	ATAC_promoter_padj	RNA_enhancer_padj	RNA_promoter_padj	var_ATAC_enhancer	var_RNA_enhancer	var_ATAC_promoter	var_RNA_promoter	ATAC_enhancer_corr	ATAC_promoter_corr	RNA_enhancer_corr	RNA_promoter_corr	varNcorr05_ATAC_enhancer	varNcorr05_ATAC_promoter	varNcorr05_RNA_enhancer	varNcorr05_RNA_promoter	motifID	TF_symbol	motifName	TF_activator	TF_repressor	TF_pioneer	TF_closer	ATAC+	ATAC-	RNA+	RNA-
MA0003.5_TFAP2A	MA0003.5_TFAP2A	0.503806538023803	1.4405795067664	1.83437853502984	1.39106374765716	0.517098658269365	2.07207811437966e-31	1.00718840815483e-99	8.82665865547796e-25	1	no	yes	yes	no	0.731860864137799	-0.657144259599984	0.626533356192733	-0.38901995890832	no	yes	yes	no	MA0003.5	TFAP2A	TFAP2A	Yes	No	No	No	No	Yes	Yes	No
MA0017.3_NR2F1	MA0017.3_NR2F1	0.887432778679365	1.76204408993591	1.95270601003564	1.19978146067896	1.18328493040289	1.10223321101549e-84	4.22713855629881e-127	1.03565233039341e-07	1.62544140090353e-06	no	yes	yes	yes	-0.613181816203097	-0.789497229982699	-0.667095109545757	-0.473862324853202	no	yes	yes	no	MA0017.3	NR2F1	NR2F1	No	No	No	No	No	Yes	No	Yes
MA0018.5_CREB1	MA0018.5_CREB1	0.538894199865957	3.6555211821011	2.43404996355001	1.78099396984164	0.999557748338039	0	1.28474366419113e-268	1.296880944761e-87	1	yes	yes	yes	no	0.808954298164339	0.846006311374964	-0.657008178744794	0.848026940805125	yes	yes	yes	no	MA0018.5	CREB1	CREB1	Yes	No	No	No	Yes	No	No	Yes
MA0048.3_NHLH1	MA0048.3_NHLH1	1.93980943314356	2.76634963319439	2.51336430464473	1.70086443992891	0.708598645138837	0	2.08857255771593e-296	7.71380126024679e-72	1	yes	yes	yes	no	0.896098065447173	0.237739493835182	0.866780401980181	0.375913753511998	yes	no	yes	no	MA0048.3	NHLH1	NHLH1	No	No	No	No	Yes	No	Yes	No
MA0050.4_Irf1	MA0050.4_Irf1	0.106947165841415	2.4039541354506	1.06949720578628	0.450198091497639	0.349380474224038	9.14953500550793e-259	0.0308473672331921	1	1	yes	no	no	no	0.533593252059745	0.557249417435937	0.492657190384591	-0.552719085357278	yes	no	no	no	MA0050.4	IRF1	Irf1	Yes	Yes	No	No	Yes	No	No	No
MA0056.3_MZF1	MA0056.3_MZF1	0.190657959032726	1.04127946031451	1.60681607143432	1.82510038337058	0.845989126347444	0.135401101972789	8.24453832616571e-56	6.59788428922636e-97	1	no	yes	no	no	0.471858601011766	-0.648225033690238	-0.695070040149429	0.782610901611171	no	no	yes	no	MA0056.3	MZF1	MZF1	No	No	No	No	No	No	No	Yes
MA0058.4_MAX	MA0058.4_MAX	0.543965841817178	1.31093577122522	1.34528751992364	0.707635149740309	1.29053170736258	5.0086495065806e-17	2.34655706823548e-20	1	2.55182879420344e-14	no	no	no	yes	0.652846674885437	-0.638283016772624	0.163237531734413	-0.917078358347349	no	no	no	yes	MA0058.4	MAX	MAX	Yes	Yes	No	No	No	No	No	Yes
MA0059.2_MAX::MYC_TF1	MA0059.2_MAX::MYC	0.543965841817178	1.41885637038225	1.37729138607542	0.899305921232976	1.1209691967026	1.05884216362105e-28	8.91748351530198e-24	1	0.00193600106623582	no	no	no	yes	0.805880250930615	-0.815251388134489	0.68719470045096	-0.919728883988515	no	no	no	yes	MA0059.2	MAX	MAX::MYC	Yes	Yes	No	No	No	No	No	Yes
MA0070.2_PBX1	MA0070.2_PBX1	1.29407962122132	3.65578492051318	1.49303885970945	0.828721831457599	0.843380164109584	0	2.51645818777339e-38	1	1	yes	no	no	no	0.81759805768319	0.0912006298741817	0.607196865213794	-0.839339980484989	yes	no	no	no	MA0070.2	PBX1	PBX1	Yes	No	Yes	No	Yes	No	No	No
MA0073.2_RREB1	MA0073.2_RREB1	0.130944504228727	1.55335115420685	1.76082127527729	1.28425178079917	1.55104804984206	2.52295986833946e-47	2.7969647506236e-84	4.75199270853808e-14	9.9893624411277e-46	no	yes	yes	yes	-0.765930625383075	0.596270899372915	-0.683753320764568	-0.777446807769393	no	yes	yes	yes	MA0073.2	RREB1	RREB1	No	No	No	No	Yes	No	No	Yes
MA0079.5_SP1	MA0079.5_SP1	0.194006267502142	2.38520987102214	3.19454473647087	0.421910737339609	1.14657850357175	1.74924988183149e-252	0	1	0.000145916203415535	yes	no	yes	yes	0.600586869189247	0.750523874832271	-0.651530640799988	-0.805454736513262	yes	yes	no	yes	MA0079.5	SP1	SP1	Yes	Yes	No	No	Yes	No	No	Yes
MA0089.3_MAFG::NFE2L1_TF1	MA0089.3_MAFG::NFE2L1	0.369510065255025	4.5088533931261	1.55373210207926	1.99663707978949	0.496897060502906	0	2.88881912271978e-47	4.08322680926792e-137	1	yes	yes	no	no	0.513852423214013	-0.0741799342089349	0.600013632385064	0.121446999413631	yes	no	yes	no	MA0089.3	MAFG	MAFG::NFE2L1	Yes	Yes	No	Yes	Yes	No	Yes	No
MA0090.4_TEAD1	MA0090.4_TEAD1	0.465532723212063	4.58897092347802	4.45391157118973	1.52402043964438	1.01928225487888	0	0	3.47543328101946e-42	0.960987416162326	yes	yes	yes	no	0.722597968231011	0.508929410173868	0.494808077990441	0.642623862292655	yes	yes	no	no	MA0090.4	TEAD1	TEAD1	Yes	No	Yes	No	Yes	No	No	No
MA0095.4_Yy1	MA0095.4_Yy1	0.70486096482291	3.45921591122253	1.48541570658	0.917331039842601	0.449079162843247	0	2.89185461917776e-37	1	1	yes	no	no	no	0.746165425486287	-0.47880742151776	0.443136399261922	-0.0801665308770885	yes	no	no	no	MA0095.4	YY1	Yy1	Yes	Yes	No	No	Yes	No	No	No
MA0098.4_ETS1	MA0098.4_ETS1	0.148443480793429	1.40097281250654	3.6839957391798	0.661557751732947	1.04639293425805	1.4621863369576e-26	0	1	0.342796363963	no	no	yes	no	0.628200097697032	-0.884466579291853	-0.577512035270354	0.762575116320529	no	yes	no	no	MA0098.4	ETS1	ETS1	No	No	No	No	No	Yes	No	No
MA0099.4_FOS::JUN_TF2	MA0099.4_FOS::JUN	1.50328064989062	7.21043545151197	1.97022485197904	1.54385582141606	1.21785255592293	0	2.07856251122123e-131	3.64734218627103e-45	1.09441131476541e-08	yes	yes	yes	yes	0.677559982677297	0.391719953967432	0.464775583224458	0.767999784041972	yes	no	no	yes	MA0099.4	JUN	FOS::JUN	Yes	Yes	No	No	Yes	No	Yes	No
MA0103.4_ZEB1	MA0103.4_ZEB1	1.07722382203122	7.30669265214871	6.46760553461775	2.52625533215637	0.97296264423033	0	0	7.85797994270284e-300	1	yes	yes	yes	no	-0.861660307803037	-0.860136798607147	-0.772824666006064	0.233386390289911	yes	yes	yes	no	MA0103.4	ZEB1	ZEB1	No	Yes	No	No	No	Yes	No	Yes
MA0104.5_MYCN	MA0104.5_MYCN	0.347101794331299	1.21732646942753	1.87073141284176	0.999108120189461	1.15233103349987	2.20880817255763e-09	8.15797890339696e-108	1	7.7344432714523e-05	no	no	yes	yes	-0.353958573605724	0.709249124829103	0.644569788155503	0.661700851605088	no	yes	no	yes	MA0104.5	MYCN	MYCN	No	No	No	No	Yes	No	Yes	No
MA0107.1_RELA	MA0107.1_RELA	0.39155095581059	3.95036051327286	1.61291193410731	1.08853007265276	1.32103351029141	0	7.88807182931506e-57	0.0211829828700216	4.62906243512592e-17	yes	no	no	yes	-0.564074576158832	-0.484775024453506	-0.47653504820136	-0.129214520119662	yes	no	no	no	MA0107.1	RELA	RELA	Yes	Yes	No	No	No	Yes	No	No
MA0116.1_Znf423	MA0116.1_Znf423	0.349334752230033	1.52468002418388	2.04950321687229	0.957838616391638	0.550959703640701	5.53309068598957e-43	1.00710154825189e-151	1	1	no	no	yes	no	0.70588258265425	-0.815059144244353	0.426503439531706	-0.311847634756938	no	yes	no	no	MA0116.1	ZNF423	Znf423	Yes	Yes	No	No	No	Yes	No	No
MA0117.3_Mafb	MA0117.3_Mafb	1.30897261254167	3.58014071554128	1.20813207344917	1.6464759175734	1.08434820536613	0	1.00895330284762e-08	5.97748351983619e-62	0.0402799257883007	yes	yes	no	no	0.81720081488281	0.20346333124544	-0.387773924150027	0.879917231627775	yes	no	no	no	MA0117.3	MAFB	Mafb	Yes	Yes	No	No	Yes	No	No	No
MA0138.3_REST	MA0138.3_REST	0.497621938676246	3.63885646168579	1.66131270147915	1.66019768647452	0.617125396023913	0	2.95170437463117e-65	2.22911809352516e-64	1	yes	yes	no	no	-0.921143557786245	0.497835033478829	-0.819180183498812	-0.784546997288148	yes	no	yes	no	MA0138.3	REST	REST	No	Yes	No	Yes	No	Yes	No	Yes
MA0142.1_Pou5f1::Sox2_TF1	MA0142.1_Pou5f1::Sox2	2.59130397536966	9.71584494573065	2.34485912912104	0.797205363694344	0.636771370099585	0	7.3649919253666e-239	1	1	yes	no	yes	no	0.973863689083919	0.906032885257401	0.449593741249818	0.830078143974101	yes	yes	no	no	MA0142.1	POU5F1	Pou5f1::Sox2	Yes	Yes	Yes	No	Yes	No	No	No
MA0143.5_SOX2	MA0143.5_SOX2	1.4326641526609	1.68404356013165	1.94740480739533	1.01126224341175	1.34217926076623	1.48015263113102e-69	8.10690565892331e-126	0.947991113525762	3.98295224520894e-19	no	no	yes	yes	0.750314751595341	-0.253256890313494	-0.614845122658773	-0.879415317874864	no	no	no	yes	MA0143.5	SOX2	SOX2	No	No	Yes	No	No	No	No	Yes
MA0144.3_STAT3	MA0144.3_STAT3	0.527246507581442	2.08908414969677	0.994047725960611	1.74710127125006	0.909165671499279	1.19564858853573e-162	0.62490949703318	9.28225616473113e-81	1	no	yes	no	no	0.640459110895434	0.22649250544783	0.606002890155434	0.298164685712345	no	no	yes	no	MA0144.3	STAT3	STAT3	Yes	No	No	No	No	No	Yes	No
MA0146.3_Zfx	MA0146.3_Zfx	0.211691861165042	1.04067957675456	3.02391939864134	0.616370087030957	0.671292288494628	0.138980696660054	0	1	1	no	no	yes	no	0.648964510254911	-0.565745431430764	-0.225980694911982	-0.359336441182507	no	yes	no	no	MA0146.3	ZFX	Zfx	Yes	No	No	No	No	Yes	No	No
MA0154.5_EBF1	MA0154.5_EBF1	0.875050667434478	2.61941817092253	2.8366027679046	0.646937499374374	1.40307152276544	0	0	1	9.18090340365627e-26	yes	no	yes	yes	0.944397490347596	-0.704373255037843	-0.118119390963931	-0.919893338779519	yes	yes	no	yes	MA0154.5	EBF1	EBF1	Yes	Yes	Yes	No	Yes	Yes	No	Yes
MA0155.1_INSM1	MA0155.1_INSM1	0.660475801697102	0.850605603337504	2.56990202893115	0.670546300668266	1.07422272360795	1	5.62517156501872e-317	1	0.0778463681500131	no	no	yes	no	-0.601228362355935	-0.597809699070591	-0.223303789438174	0.483502296801616	no	yes	no	no	MA0155.1	INSM1	INSM1	No	Yes	No	Yes	No	Yes	No	No
MA0157.4_Foxo3	MA0157.4_Foxo3	0.305633601613288	5.41316333860603	1.13429573127745	0.871177371802876	0.690279004265658	0	0.000135661237157717	1	1	yes	no	no	no	-0.720014072088746	-0.326138279719762	0.367625966924707	-0.542426217711344	yes	no	no	no	MA0157.4	FOXO3	Foxo3	Yes	No	Yes	No	No	Yes	No	No
MA0158.2_HOXA5	MA0158.2_HOXA5	0.463367657604551	1.75573244430924	1.16623619859522	0.562589677690418	1.48928126552133	2.07469602380179e-83	3.42138815054613e-06	1	1.03071246000835e-36	no	no	no	yes	0.630974161737322	0.411875326579103	0.309783157552735	0.669765718460922	no	no	no	yes	MA0158.2	HOXA5	HOXA5	No	No	No	No	No	No	Yes	No
MA0480.3_Foxo1	MA0480.3_Foxo1	0.301494333528281	5.41316333860603	0.905305124418793	0.871177371802876	1.01465046832225	0	1	1	1	yes	no	no	no	0.921032772067857	0.353950999483336	-0.199942977537719	0.763012997179197	yes	no	no	no	MA0480.3	FOXO1	Foxo1	Yes	Yes	Yes	No	Yes	No	No	No
MA0481.4_FOXP1	MA0481.4_FOXP1	0.694151632930704	5.41316333860603	0.983097545163867	0.871177371802876	1.32224672299135	0	0.746486646908518	1	3.61766674845737e-17	yes	no	no	yes	-0.726860845732847	-0.248467181957336	0.199163413609836	0.582645963252685	yes	no	no	yes	MA0481.4	FOXP1	FOXP1	Yes	Yes	No	No	No	Yes	Yes	No
MA0488.2_JUN	MA0488.2_JUN	1.50328064989062	2.16277478665928	1.33359961943878	1.5689097586006	1.34747905403517	2.4794726482911e-183	3.60134393636765e-19	4.93969849786386e-49	1.14549906206857e-19	yes	yes	no	yes	0.789471369554054	0.683661860300723	-0.480117470659646	0.899917654895352	yes	no	no	yes	MA0488.2	JUN	JUN	Yes	No	No	No	Yes	No	Yes	No
MA0489.3_Jun	MA0489.3_Jun	1.50328064989062	5.76727162999772	2.11946986790316	1.58087433726026	1.75536004511442	0	9.53670194935083e-171	6.05111840405875e-51	8.30800726861233e-82	yes	yes	yes	yes	0.565511932443	-0.591051086905749	0.339591060052741	0.521224829052452	yes	yes	no	yes	MA0489.3	JUN	Jun	No	No	No	No	Yes	Yes	Yes	No
MA0490.3_JUNB	MA0490.3_JUNB	0.345426539446852	7.23352062443925	1.98945749198435	1.56812810553311	1.59471167799739	0	3.26477532734724e-136	6.45740981412385e-49	1.24812196543544e-52	yes	yes	yes	yes	0.687201406165072	-0.174334430505473	0.656049708638054	0.528212379605487	yes	no	yes	yes	MA0490.3	JUNB	JUNB	No	No	No	No	Yes	No	Yes	No
MA0491.3_JUND	MA0491.3_JUND	0.452590338686944	7.19372518705708	1.84227138696646	1.56126463617645	1.43742766706897	0	1.85717831196667e-101	7.54395078028494e-48	6.82126305841066e-30	yes	yes	yes	yes	0.639910873454154	-0.195776121749488	0.441513395318498	0.662470022022368	yes	no	no	yes	MA0491.3	JUND	JUND	No	No	No	No	Yes	No	Yes	No
MA0492.2_JUND	MA0492.2_JUND	0.452590338686944	2.59719579856997	2.06424708035981	1.12829887437437	1.25289907635483	0	1.21608604551687e-155	0.000681613161731977	3.06950562281552e-11	yes	yes	yes	yes	0.870880826103998	0.870645400244711	0.354619713951234	0.931692358376146	yes	yes	no	yes	MA0492.2	JUND	JUND	No	No	No	No	Yes	No	Yes	No
MA0498.3_MEIS1	MA0498.3_MEIS1	0.583595548499176	1.51211701688187	1.92921089717859	0.472987267754721	0.630704357291298	3.82186363641179e-41	1.94786188219686e-121	1	1	no	no	yes	no	0.843144932137327	0.871967351328582	0.559275816261894	0.650127949828017	no	yes	no	no	MA0498.3	MEIS1	MEIS1	Yes	No	No	No	Yes	No	No	No
MA0502.3_NFYB	MA0502.3_NFYB	0.602570450846825	1.67382108686888	2.66732946735155	1.06459553688429	0.607726600452673	1.12681690213616e-67	0	0.1035444452884	1	no	no	yes	no	-0.67944025131427	0.898705988094003	-0.693977659029614	-0.513705104766914	no	yes	no	no	MA0502.3	NFYB	NFYB	Yes	Yes	No	No	Yes	No	No	No
MA0514.3_Sox3	MA0514.3_Sox3	0.625856179525001	1.68404356013165	2.22702810468979	1.01126224341175	2.40751159457371	1.48015263113102e-69	5.6367961213917e-202	0.947991113525762	3.81407821254463e-258	no	no	yes	yes	0.834168027467203	-0.221899885816928	-0.506353340144315	-0.766904520313158	no	no	no	yes	MA0514.3	SOX3	Sox3	No	Yes	No	No	No	No	No	Yes
MA0515.1_Sox6	MA0515.1_Sox6	0.194408225513035	2.34410087825707	1.98345581337213	1.64850430995905	1.71973921503066	5.88173451480187e-239	1.0510786558766e-134	2.64370829873809e-62	7.62186901379031e-75	yes	yes	yes	yes	-0.507579300400136	-0.51788925615229	0.330891007306158	-0.102916843764859	yes	yes	no	no	MA0515.1	SOX6	Sox6	Yes	Yes	No	No	No	Yes	No	No
MA0516.3_SP2	MA0516.3_SP2	0.216349412376484	2.51185874936645	3.07263043663729	0.546147907885723	0.720280543901633	2.87246475741866e-296	0	1	1	yes	no	yes	no	-0.625073996652127	-0.625793197493975	0.347163877791388	0.568306083429665	yes	yes	no	no	MA0516.3	SP2	SP2	Yes	No	No	No	No	Yes	No	No
MA0517.2_STAT1::STAT2_TF1	MA0517.2_STAT1::STAT2	0.350173522806464	1.86388028365332	1.85972748213475	0.555236674874305	1.12902609794756	1.75334512406004e-106	2.47218873414881e-105	1	0.000886754938020478	no	no	yes	yes	0.778774483020621	0.641837802940848	0.186818820319721	0.840442561333333	no	yes	no	yes	MA0517.2	STAT1	STAT1::STAT2	Yes	No	No	No	Yes	No	Yes	No
MA0521.3_Tcf12	MA0521.3_Tcf12	0.806115910622796	3.4158207458272	2.31451341116474	1.73531461129715	0.707542854217039	0	4.14357226668068e-229	1.85173731753216e-78	1	yes	yes	yes	no	0.903457122925439	0.439929091920832	0.864227401500303	0.205463856675338	yes	no	yes	no	MA0521.3	TCF12	Tcf12	No	No	No	No	Yes	No	Yes	No
MA0522.4_TCF3	MA0522.4_TCF3	0.268705506374832	2.66625271041748	5.59242262712694	1.56716833263143	0.717042419620827	0	0	9.00743426915803e-49	1	yes	yes	yes	no	0.295861477803708	0.62053667681055	0.710601252132414	0.0268261652522564	no	yes	yes	no	MA0522.4	TCF3	TCF3	Yes	Yes	No	No	Yes	No	Yes	No
MA0523.2_TCF7L2	MA0523.2_TCF7L2	0.498245184385708	2.44181970695036	1.44564123977753	0.773701100964988	0.549997465968199	1.15014748909392e-271	5.76008323485071e-32	1	1	yes	no	no	no	0.835963959153547	0.811379086533707	-0.317920221826829	-0.245180903009378	yes	no	no	no	MA0523.2	TCF7L2	TCF7L2	Yes	Yes	No	No	Yes	No	No	No
MA0527.2_ZBTB33	MA0527.2_ZBTB33	0.168045712910848	1.12929766690573	2.69139201552385	0.616802633669422	1.45729469733034	0.000216776143993255	0	1	2.04976531522021e-32	no	no	yes	yes	-0.775398879087431	0.665762057787993	-0.474834636140003	-0.827992650937211	no	yes	no	yes	MA0527.2	ZBTB33	ZBTB33	Yes	Yes	No	No	Yes	No	No	Yes
MA0528.3_ZNF263	MA0528.3_ZNF263	0.295104589534083	1.53490524526512	2.19987520902914	0.693225032650977	0.870031424103409	1.65357413180724e-44	7.14996258914203e-194	1	1	no	no	yes	no	0.619482054666179	-0.600231900512382	0.518348003503813	0.667845082755558	no	yes	no	no	MA0528.3	ZNF263	ZNF263	No	Yes	No	No	No	Yes	No	No
MA0592.4_ESRRA	MA0592.4_ESRRA	0.197737215560664	1.72853938169147	1.97889892104224	0.645144761216901	0.797842722050468	5.11018739804835e-78	1.44198041236119e-133	1	1	no	no	yes	no	-0.738270320292529	0.749134713147583	-0.280796170230062	0.773519624807941	no	yes	no	no	MA0592.4	ESRRA	ESRRA	Yes	No	No	No	Yes	No	No	No
MA0593.2_FOXP2	MA0593.2_FOXP2	0.300859947772207	3.33283600718591	1.18369830400328	0.787601340564317	0.783382155897351	0	3.48068159871395e-07	1	1	yes	no	no	no	-0.797809329359533	0.268771342536393	-0.627022366876005	-0.814270516116991	yes	no	no	no	MA0593.2	FOXP2	FOXP2	No	Yes	No	No	No	Yes	No	No
MA0604.1_Atf1	MA0604.1_Atf1	0.257454541261918	1.930652914897	3.06299281651302	0.739063679439903	0.534978708284395	5.16279949869066e-122	0	1	1	no	no	yes	no	-0.756023743607563	-0.737755486241243	-0.531522704602939	-0.679730537081807	no	yes	no	no	MA0604.1	ATF1	Atf1	No	Yes	No	No	No	Yes	No	No
MA0606.3_Nfat5	MA0606.3_Nfat5	0.534913828822343	2.80586590492516	1.05761596480811	0.778730667365633	0.910994127086053	0	0.0621809062067832	1	1	yes	no	no	no	-0.739404530337972	0.586752193305622	-0.72872612549028	0.743457800073003	yes	no	no	no	MA0606.3	NFAT5	Nfat5	No	No	No	No	No	Yes	No	No
MA0622.2_Mlxip	MA0622.2_Mlxip	0.396913756639526	1.31093577122522	1.34528751992364	0.707635149740309	1.29053170736258	5.0086495065806e-17	2.34655706823548e-20	1	2.55182879420344e-14	no	no	no	yes	0.725546883363787	-0.646805199470031	0.233560841131786	-0.757673067222988	no	no	no	yes	MA0622.2	MLXIP	Mlxip	Yes	No	No	No	No	No	No	Yes
MA0643.2_Esrrg	MA0643.2_Esrrg	0.392622047108545	2.45469390465722	1.36924129897189	0.68657714188375	0.952263026089324	4.06996592492348e-276	6.91300729067865e-23	1	1	yes	no	no	no	0.853495926949996	-0.617864155251934	0.431013214901636	-0.820781072741646	yes	no	no	no	MA0643.2	ESRRG	Esrrg	Yes	No	No	No	Yes	No	No	No
MA0657.2_KLF13	MA0657.2_KLF13	0.510982272348252	1.92049140868805	5.07448216270671	0.746301815828327	1.23665792117254	1.37306160220578e-119	0	1	5.22297353368826e-10	no	no	yes	yes	-0.698860991133218	-0.759760678203169	-0.288678518302773	-0.0284093651218912	no	yes	no	no	MA0657.2	KLF13	KLF13	Yes	Yes	No	No	No	Yes	No	No
MA0659.4_Mafg	MA0659.4_Mafg	0.369510065255025	5.67417154810371	1.30956670878818	2.29586269149013	0.464696907183764	0	7.65760180633216e-17	4.59811934655854e-222	1	yes	yes	no	no	0.552969509199297	-0.356948417147298	0.590518058336686	-0.242585218699117	yes	no	yes	no	MA0659.4	MAFG	Mafg	Yes	Yes	No	Yes	Yes	No	Yes	No
MA0666.3_MSX1	MA0666.3_MSX1	1.6074273583365	2.98591773047407	1.77813555635126	0.824887006119337	0.627154115169255	0	8.13997648411393e-88	1	1	yes	no	yes	no	-0.258031399208081	-0.752043510195372	-0.224823314225126	-0.182120049732559	no	yes	no	no	MA0666.3	MSX1	MSX1	No	Yes	No	No	No	Yes	No	No
MA0668.3_Neurod2	MA0668.3_Neurod2	0.213520661289871	7.21181096260647	3.45038348843723	1.75642396940152	1.1992135355828	0	0	1.28739805574286e-82	1.75896676983418e-07	yes	yes	yes	yes	0.734982118289507	0.386795791913655	0.742325827867102	0.566311090458078	yes	no	yes	yes	MA0668.3	NEUROD2	Neurod2	Yes	No	No	No	Yes	No	Yes	No
MA0669.1_NEUROG2	MA0669.1_NEUROG2	0.264000020286701	6.26748247483336	2.76591464940683	3.11130233126056	0.472510148779463	0	0	0	1	yes	yes	yes	no	0.850305456974162	0.732112647399314	0.906461564481323	-0.798859824729171	yes	yes	yes	no	MA0669.1	NEUROG2	NEUROG2	Yes	No	No	No	Yes	No	Yes	No
MA0670.2_NFIA	MA0670.2_NFIA	0.297430779603901	3.12692857451436	1.12494733144248	1.01026517738459	0.589181106675598	0	0.000349428118875569	0.969377267970403	1	yes	no	no	no	-0.841555853153169	0.753690585850431	-0.744272552394589	0.26251776570165	yes	no	no	no	MA0670.2	NFIA	NFIA	No	No	No	No	No	Yes	No	No
MA0677.2_Nr2f6	MA0677.2_Nr2f6	0.726488007807501	2.03818404097687	2.67645618397861	1.26968484100618	1.09509530692656	5.07816989480753e-149	0	8.07139416068159e-13	0.0182310131812056	no	yes	yes	no	0.683314635782377	0.843252818341374	0.651533801642209	0.684626758932117	no	yes	yes	no	MA0677.2	NR2F6	Nr2f6	No	Yes	No	No	Yes	No	Yes	No
MA0679.3_ONECUT1	MA0679.3_ONECUT1	0.445756395459353	9.1570461755138	2.43082844904638	1.6394294767114	0.408335098098992	0	1.62361807166562e-267	1.00594395395594e-60	1	yes	yes	yes	no	0.923539609972943	0.878905729701233	0.894904645313966	-0.686183296061389	yes	yes	yes	no	MA0679.3	ONECUT1	ONECUT1	Yes	No	Yes	No	Yes	No	Yes	No
MA0680.3_Pax7	MA0680.3_Pax7	0.169863359253399	3.58117127992195	1.77188780055516	1.19600997107628	0.395089378414944	0	1.5621151355274e-86	1.78598158467232e-07	1	yes	yes	yes	no	-0.405835696838139	-0.314299253048894	-0.521405851117203	0.761283375337504	no	no	yes	no	MA0680.3	PAX7	Pax7	No	No	Yes	No	No	No	No	Yes
MA0683.2_POU4F2	MA0683.2_POU4F2	0.227721879296032	2.79768445130688	1.5282920314403	0.835484865282516	0.214609803946233	0	2.08439437513812e-43	1	1	yes	no	no	no	0.836237505607262	0.653286258473772	0.63526695391509	0.579170510114272	yes	no	no	no	MA0683.2	POU4F2	POU4F2	Yes	Yes	No	No	Yes	No	No	No
MA0691.1_TFAP4	MA0691.1_TFAP4	0.244723036115158	5.45545252407225	1.5006384171792	1.50003007765111	1.15104102197867	0	2.15353427259722e-39	1.02633172235811e-38	8.94015602558625e-05	yes	yes	no	yes	-0.775787229120981	-0.627035880620441	-0.666705863863599	-0.820190592066942	yes	no	yes	yes	MA0691.1	TFAP4	TFAP4	Yes	No	No	No	No	Yes	No	Yes
MA0696.1_ZIC1	MA0696.1_ZIC1	1.14365305213864	1.39659353910361	1.93722210446468	1.07055822786818	0.414965630206637	4.74713320722768e-26	2.34893785392685e-123	0.0724128415781833	1	no	no	yes	no	0.726655876187816	-0.656617622964487	-0.3601429469367	-0.643622172639047	no	yes	no	no	MA0696.1	ZIC1	ZIC1	Yes	No	No	No	No	Yes	No	No
MA0698.2_ZBTB18	MA0698.2_ZBTB18	0.793323222527449	2.20022985129028	2.96336582053529	0.845752481575918	0.762755609467285	2.87232127819745e-194	0	1	1	yes	no	yes	no	0.692759559850044	-0.478691643089681	0.536972157523981	0.396643386709457	yes	no	no	no	MA0698.2	ZBTB18	ZBTB18	No	Yes	No	No	Yes	No	No	No
MA0703.3_LMX1B	MA0703.3_LMX1B	0.319872610366782	3.3001392667161	1.07668397218499	0.647628248720589	1.0032667289899	0	0.0193859383790531	1	1	yes	no	no	no	0.840063700356774	-0.0947414920849264	0.151114557135815	-0.783830702783397	yes	no	no	no	MA0703.3	LMX1B	LMX1B	No	No	No	No	Yes	No	No	No
MA0704.2_Lhx4	MA0704.2_Lhx4	0.174686113541512	3.41274586100689	1.65616305978724	0.673124405789659	0.277234067385932	0	2.46040406864093e-64	1	1	yes	no	no	no	0.652444878473551	0.464993338437457	0.380775294556283	0.168512539022132	yes	no	no	no	MA0704.2	LHX4	Lhx4	No	No	No	No	Yes	No	No	No
MA0708.3_MSX2	MA0708.3_MSX2	1.03561983784504	2.98591773047407	1.77813555635126	0.824887006119337	0.627154115169255	0	8.13997648411393e-88	1	1	yes	no	yes	no	-0.226584668948258	-0.727866693745935	-0.205169279246662	-0.137920216373901	no	yes	no	no	MA0708.3	MSX2	MSX2	No	No	No	No	No	Yes	No	No
MA0712.3_OTX2	MA0712.3_OTX2	0.450057388503167	2.98321240091853	2.03239537525895	0.69926877476488	1.08428045504712	0	3.17381054232064e-147	1	0.0402840889552782	yes	no	yes	no	0.804452965071561	0.781263214671276	0.605223622140543	0.727878502099668	yes	yes	no	no	MA0712.3	OTX2	OTX2	No	No	No	No	Yes	No	No	No
MA0716.2_PRRX1	MA0716.2_PRRX1	0.180546941952142	3.41274586100689	1.77813555635126	0.673124405789659	0.627154115169255	0	8.13997648411393e-88	1	1	yes	no	yes	no	0.029626311846238	-0.532186449181553	0.0967597503772784	-0.13276116268698	no	yes	no	no	MA0716.2	PRRX1	PRRX1	Yes	Yes	No	No	No	Yes	No	No
MA0723.3_VAX2	MA0723.3_VAX2	0.295962437845287	3.41274586100689	1.77813555635126	0.673124405789659	0.72003713578559	0	8.13997648411393e-88	1	1	yes	no	yes	no	0.934629368916364	0.386748654143817	0.481234776338795	0.959996348865598	yes	no	no	no	MA0723.3	VAX2	VAX2	No	No	No	No	Yes	No	No	No
MA0728.1_Nr2F6	MA0728.1_Nr2F6	0.726488007807501	2.13037976327099	2.78460300319556	1.3270284174814	1.45318156561909	4.20963078359754e-174	0	5.39824275161116e-18	6.94758251062348e-32	no	yes	yes	yes	0.785218898579546	0.824297261433297	0.879932761366801	0.132296196696432	no	yes	yes	no	MA0728.1	NR2F6	Nr2F6	No	Yes	No	No	Yes	No	Yes	No
MA0742.2_KLF12	MA0742.2_KLF12	0.329172770954074	3.11208821632165	4.06625912511531	0.535860542027572	0.871333907005394	0	0	1	1	yes	no	yes	no	-0.695553885482315	-0.83778192172964	0.793751258176774	0.855132855817654	yes	yes	no	no	MA0742.2	KLF12	KLF12	No	Yes	No	No	No	Yes	No	No
MA0744.3_SCRT2	MA0744.3_SCRT2	0.220348652136195	1.7689414021487	3.73764394648769	1.30692359690473	0.741647276040308	4.3544945499244e-86	0	4.44116837762874e-16	1	no	yes	yes	no	-0.821851146775225	-0.626681344411526	-0.580622721043339	0.149734724360759	no	yes	yes	no	MA0744.3	SCRT2	SCRT2	No	No	No	No	No	Yes	No	Yes
MA0745.3_SNAI2	MA0745.3_SNAI2	0.418657117198523	4.96087466844621	5.9558246981038	1.69149064425895	1.42336936169176	0	0	4.31461855884226e-70	3.61572210443545e-28	yes	yes	yes	yes	-0.586862285513907	-0.492727693713765	-0.325932821132694	-0.530662940476748	yes	no	no	yes	MA0745.3	SNAI2	SNAI2	Yes	Yes	No	No	No	Yes	No	Yes
MA0746.3_SP3	MA0746.3_SP3	0.367230636459723	3.12955985972469	4.67863692142315	0.663344280672617	0.511953883125615	0	0	1	1	yes	no	yes	no	-0.661818865455951	-0.688558578041823	-0.510813253301106	0.615033771002867	yes	yes	no	no	MA0746.3	SP3	SP3	Yes	Yes	No	No	No	Yes	No	No
MA0747.2_SP8	MA0747.2_SP8	0.226688952072543	2.71320282926979	3.99393757085071	0.380745993316635	0.746995530315874	0	0	1	1	yes	no	yes	no	0.93165837220647	0.940924344583978	-0.213527048550059	-0.7889756395967	yes	yes	no	no	MA0747.2	SP8	SP8	No	No	No	No	Yes	No	No	No
MA0750.3_ZBTB7A	MA0750.3_ZBTB7A	0.264359263452844	1.05179880850721	3.22686219533773	0.838167773388591	1.31929043006314	0.0811559671389023	0	1	6.74392384823963e-17	no	no	yes	yes	0.725908623907664	0.447159560812248	-0.337928563407853	-0.712341681684245	no	no	no	yes	MA0750.3	ZBTB7A	ZBTB7A	Yes	Yes	No	No	No	No	No	Yes
MA0752.2_ZNF410	MA0752.2_ZNF410	0.301611730824069	1.10832094390867	1.42735931722158	0.732177974835062	1.45126830005624	0.00158337151398921	1.15115500354632e-29	1	1.20809951616303e-31	no	no	no	yes	0.283918486995844	-0.753526861445684	-0.447373946788407	0.524320325670411	no	no	no	yes	MA0752.2	ZNF410	ZNF410	Yes	Yes	No	No	No	No	Yes	No
MA0755.2_CUX2	MA0755.2_CUX2	0.197324876292131	7.27606803924911	3.86965098362461	2.75335707109709	0.970569752355574	0	0	0	1	yes	yes	yes	no	0.709648139032512	0.66912491924459	0.66810585768637	0.716976170047102	yes	yes	yes	no	MA0755.2	CUX2	CUX2	No	No	No	No	Yes	No	Yes	No
MA0756.3_ONECUT2	MA0756.3_ONECUT2	2.54113167470483	9.97895257731796	3.29670526253319	2.3333728674477	1.84277513940895	0	0	5.58400092453901e-234	3.4942992574174e-100	yes	yes	yes	yes	0.937171263812287	0.907242702349174	0.872894539199073	0.988695768970173	yes	yes	yes	yes	MA0756.3	ONECUT2	ONECUT2	Yes	No	No	No	Yes	No	Yes	No
MA0757.2_ONECUT3	MA0757.2_ONECUT3	1.25715853681651	6.16995228444812	2.203099961824	1.33063171495293	0.445242593303676	0	7.98613313284295e-195	2.3992982299929e-18	1	yes	yes	yes	no	0.943983824916384	0.855784248769143	0.545315521534543	0.474401732370935	yes	yes	yes	no	MA0757.2	ONECUT3	ONECUT3	Yes	No	Yes	No	Yes	No	Yes	No
MA0758.1_E2F7	MA0758.1_E2F7	0.482726764205871	0.713544819709856	1.76027175794593	0.942839205051654	1.2729708122438	1	3.59554038298193e-84	1	7.57549024574242e-13	no	no	yes	yes	-0.266081760144538	0.550332070183558	-0.276207540965602	0.55381180031128	no	yes	no	yes	MA0758.1	E2F7	E2F7	Yes	Yes	No	No	Yes	No	Yes	No
MA0759.3_ELK3	MA0759.3_ELK3	0.148288405967313	1.45200541137823	3.9723984981684	1.0795288709275	0.602654471716097	7.03458324106425e-33	0	0.0402384713895315	1	no	no	yes	no	0.432966932429011	-0.59971344408465	-0.359876139056701	0.75435099445869	no	yes	no	no	MA0759.3	ELK3	ELK3	Yes	No	No	No	No	Yes	No	No
MA0760.2_ERF	MA0760.2_ERF	0.158078555518053	1.26816456677919	3.79942593600718	0.671031285318393	0.989269893360528	3.05948436893548e-13	0	1	1	no	no	yes	no	0.261109367323533	-0.545910421030607	-0.389017531611852	0.802076694914149	no	yes	no	no	MA0760.2	ERF	ERF	No	Yes	No	No	No	Yes	No	No
MA0761.3_ETV1	MA0761.3_ETV1	1.19108552062341	1.0523029702661	0.908835544799775	1.02076680021036	1.41718606017295	0.0792409271536506	1	0.72891714094772	1.9595980779226e-27	no	no	no	yes	0.674223405369218	-0.0693192658579696	-0.177511313790611	-0.658103298368992	no	no	no	yes	MA0761.3	ETV1	ETV1	Yes	No	No	No	No	No	No	Yes
MA0764.4_ETV4	MA0764.4_ETV4	0.81231470899673	1.40226538779411	3.78973717149098	0.535968432297529	0.952631624270359	1.03286738615598e-26	0	1	1	no	no	yes	no	0.792191899677459	-0.921041515523596	-0.436174986058055	0.710326764970782	no	yes	no	no	MA0764.4	ETV4	ETV4	Yes	No	No	No	No	Yes	No	No
MA0765.4_ETV5	MA0765.4_ETV5	0.408818888601515	1.90831831858835	3.82047577003661	0.610344047828928	0.929735947371504	1.02991669897768e-116	0	1	1	no	no	yes	no	0.832473793599449	-0.869269941531813	0.361942871297218	0.709837448066251	no	yes	no	no	MA0765.4	ETV5	ETV5	No	No	No	No	No	Yes	No	No
MA0768.3_Lef1	MA0768.3_Lef1	0.308528891397448	1.45793013030575	1.94888934061675	1.11919514040822	1.05553845361674	1.18109304891152e-33	3.55025696461081e-126	0.00164301855126512	0.218908919346846	no	yes	yes	no	0.414881327090266	-0.211146232116288	0.773666708217357	-0.103367751235763	no	no	yes	no	MA0768.3	LEF1	Lef1	Yes	Yes	No	No	No	No	Yes	No
MA0770.1_HSF2	MA0770.1_HSF2	0.446627923589222	2.14927972175435	1.65920209644609	1.34106411900318	0.619343120543739	1.84617127865273e-179	7.06205188248199e-65	2.21177415100201e-19	1	no	yes	no	no	0.515806250646155	-0.904224122267561	0.545454912874606	-0.330104330167233	no	no	yes	no	MA0770.1	HSF2	HSF2	Yes	No	No	No	No	No	Yes	No
MA0774.1_MEIS2	MA0774.1_MEIS2	1.80647138964028	5.96072598779327	3.2536634127983	2.36327390645188	3.17025760868391	0	0	1.07607131829413e-243	0	yes	yes	yes	yes	0.887534012817334	0.949850543245653	0.814964008068875	0.980415173176773	yes	yes	yes	yes	MA0774.1	MEIS2	MEIS2	Yes	No	No	No	Yes	No	Yes	No
MA0775.2_MEIS3	MA0775.2_MEIS3	0.571805545455719	4.64108578504622	1.20862407578861	1.75117546589433	2.70758163689635	0	9.36969833585235e-09	1.44175929147872e-81	0	yes	yes	no	yes	0.810792820742319	0.720363529803669	0.642015749875617	0.924555436185853	yes	no	yes	yes	MA0775.2	MEIS3	MEIS3	No	No	No	No	Yes	No	Yes	No
MA0777.1_MYBL2	MA0777.1_MYBL2	0.728483520713315	0.827016620438037	1.40522319922213	1.66269349376742	0.554031045838807	1	5.50960992882978e-27	8.00340043453782e-65	1	no	yes	no	no	0.176194775749572	-0.710791892377995	0.785084689671632	-0.714197692523838	no	no	yes	no	MA0777.1	MYBL2	MYBL2	Yes	No	No	No	No	No	Yes	No
MA0785.2_POU2F1	MA0785.2_POU2F1	0.407967368552624	6.89114556071561	4.02346096371901	0.917012963829785	1.05143646403478	0	0	1	0.27016788142041	yes	no	yes	no	0.596496372029304	0.592794362491109	0.105011199686304	-0.395112316921954	yes	yes	no	no	MA0785.2	POU2F1	POU2F1	Yes	No	No	No	Yes	No	No	No
MA0787.1_POU3F2	MA0787.1_POU3F2	0.613073267762903	6.24823765764091	2.89047483626526	1.02182873576536	0.66026125148282	0	0	0.705178328175698	1	yes	no	yes	no	-0.677980028746031	-0.609465263687367	-0.0397497388348675	0.583415105727331	yes	yes	no	no	MA0787.1	POU3F2	POU3F2	Yes	No	No	No	No	Yes	No	No
MA0790.2_POU4F1	MA0790.2_POU4F1	0.888838905722282	3.44793405465539	1.4941888168773	1.03199436074505	0.640675817678417	0	1.74108004621627e-38	0.497963805856989	1	yes	no	no	no	0.56994742567955	0.440846910342998	0.699128275573826	0.617083122245863	yes	no	no	no	MA0790.2	POU4F1	POU4F1	No	No	No	No	Yes	No	No	No
MA0798.3_RFX3	MA0798.3_RFX3	0.403621572741843	6.14331007726348	3.82360976001389	1.60537278421811	1.09602351604964	0	0	5.94134880410191e-55	0.017006464422823	yes	yes	yes	no	0.876554828354649	0.827536558254909	0.880525859607944	0.79842237986352	yes	yes	yes	no	MA0798.3	RFX3	RFX3	No	Yes	No	No	Yes	No	Yes	No
MA0801.1_MGA	MA0801.1_MGA	0.346245112048091	1.48173717072987	2.26116664726162	0.630802061845904	1.25714616340238	7.44490883283184e-37	2.21656242091234e-212	1	1.44740334016138e-11	no	no	yes	yes	0.722831909712377	-0.710174693229888	0.207855550496128	-0.793155101944917	no	yes	no	yes	MA0801.1	MGA	MGA	Yes	Yes	No	No	No	Yes	No	Yes
MA0808.1_TEAD3	MA0808.1_TEAD3	0.175523681166087	6.02266460166634	4.90521703738496	1.6186723581963	0.644770514177006	0	0	3.61268270774849e-57	1	yes	yes	yes	no	0.640826240415915	0.488341015911129	0.563041161291705	-0.741661328785309	yes	no	yes	no	MA0808.1	TEAD3	TEAD3	Yes	No	No	No	Yes	No	Yes	No
MA0809.3_TEAD4	MA0809.3_TEAD4	0.496825367371352	4.57530665881881	4.58461559252944	1.7758845021214	0.512707862882688	0	0	1.45113177261966e-86	1	yes	yes	yes	no	0.866639691743641	0.93895173949791	0.940282791358478	0.708910209615457	yes	yes	yes	no	MA0809.3	TEAD4	TEAD4	Yes	No	Yes	No	Yes	No	Yes	No
MA0813.1_TFAP2B	MA0813.1_TFAP2B	0.286836986979387	2.03939423672934	2.10363071082413	0.980440637328912	0.724964908817937	2.44667158028381e-149	2.38938207496558e-166	1	1	no	no	yes	no	0.610528685684326	-0.536661223500483	0.623100950701462	-0.610690259642042	no	yes	no	no	MA0813.1	TFAP2B	TFAP2B	Yes	No	No	No	No	Yes	No	No
MA0819.3_CLOCK	MA0819.3_CLOCK	0.345426539446852	2.17472369627868	0.961212079341975	0.600762372764569	1.29997867790116	8.69304177884821e-187	0.927593532397345	1	3.81095159369167e-15	yes	no	no	yes	-0.481890537064459	-0.441027727792523	0.273808861113003	-0.728611176550608	no	no	no	yes	MA0819.3	CLOCK	CLOCK	Yes	No	No	No	No	No	No	Yes
MA0823.1_HEY1	MA0823.1_HEY1	0.245233224767701	1.78341949898183	1.21867975608734	0.643447909000385	1.29041227788357	4.5644680957809e-89	1.95874418808867e-09	1	2.58938816738096e-14	no	no	no	yes	0.712134167743253	0.0801948990407674	0.603692587756279	-0.80678778466169	no	no	no	yes	MA0823.1	HEY1	HEY1	Yes	Yes	No	No	No	No	No	Yes
MA0825.2_MNT	MA0825.2_MNT	0.258285803638631	1.31093577122522	1.34528751992364	0.707635149740309	1.29053170736258	5.0086495065806e-17	2.34655706823548e-20	1	2.55182879420344e-14	no	no	no	yes	0.617452515299979	-0.622036416842923	0.151259856005354	-0.876383006901554	no	no	no	yes	MA0825.2	MNT	MNT	No	Yes	No	No	No	No	No	Yes
MA0834.2_ATF7	MA0834.2_ATF7	0.285662666994073	4.76608436684463	2.47522868423086	1.15041196464555	0.799108307057467	0	6.96265958213918e-283	6.37444718763043e-05	1	yes	yes	yes	no	0.780838265444061	0.790211169195579	0.73716770501311	0.743437897985951	yes	yes	yes	no	MA0834.2	ATF7	ATF7	Yes	Yes	No	No	Yes	No	Yes	No
MA0836.3_CEBPD	MA0836.3_CEBPD	0.220247228575704	2.05863590489514	2.0438116007331	2.14364558462118	0.547213585129077	1.96910033059688e-154	3.20982804812174e-150	1.66801692519292e-176	1	no	yes	yes	no	0.53574098167306	0.567288919559856	0.54186423953882	-0.659026893921029	no	yes	yes	no	MA0836.3	CEBPD	CEBPD	Yes	No	No	No	Yes	No	Yes	No
MA0839.2_CREB3L1	MA0839.2_CREB3L1	0.408307196926521	1.47795325497832	1.14719841512599	0.689577082102302	1.12940804450973	2.45012354284724e-36	3.33117758529896e-05	1	0.000861994846630078	no	no	no	yes	-0.465750150535569	0.314063377413804	0.470463324481297	0.83139125569709	no	no	no	yes	MA0839.2	CREB3L1	CREB3L1	Yes	No	No	No	No	No	Yes	No
MA0840.2_Creb5	MA0840.2_Creb5	0.538381653452162	4.1508270335994	3.0193151559037	0.949068562466044	0.631538484743165	0	0	1	1	yes	no	yes	no	0.695000661761923	0.586960492882997	0.653524952414047	0.709595682984316	yes	yes	no	no	MA0840.2	CREB5	Creb5	Yes	No	No	No	Yes	No	No	No
MA0851.2_Foxj3	MA0851.2_Foxj3	0.238962757862507	3.90846975506188	1.1132199547909	0.9357753945832	0.659608835452501	0	0.00106415261651286	1	1	yes	no	no	no	-0.707752341450795	-0.503463411821496	-0.119338626371099	-0.693501311822839	yes	no	no	no	MA0851.2	FOXJ3	Foxj3	Yes	No	No	No	No	Yes	No	No
MA0855.1_RXRB	MA0855.1_RXRB	0.189127997231999	1.32747226973442	2.5664029358451	0.622423525735965	1.06323546278175	1.2768569469785e-18	1.09572741101489e-315	1	0.147963513595354	no	no	yes	no	-0.320894741932267	-0.723982639930715	0.287475236356266	-0.567213730565435	no	yes	no	no	MA0855.1	RXRB	RXRB	No	No	No	No	No	Yes	No	No
MA0856.1_RXRG	MA0856.1_RXRG	0.35325164813342	1.21583124127595	2.80614301567573	0.92342471610513	1.33132324441932	2.79269130486781e-09	0	1	4.79495577770241e-18	no	no	yes	yes	-0.402300875518929	-0.818068605321069	-0.288309943031677	-0.940356912671007	no	yes	no	yes	MA0856.1	RXRG	RXRG	No	No	No	No	No	Yes	No	Yes
MA0859.2_Rarg	MA0859.2_Rarg	0.195636737389835	3.45702523699469	2.8738415252842	1.66950045657381	1.02825597924542	0	0	4.72068261200803e-66	0.718248508160738	yes	yes	yes	no	0.921894575275488	0.911645431429909	0.905887861902795	0.64231488604216	yes	yes	yes	no	MA0859.2	RARG	Rarg	Yes	No	No	No	Yes	No	Yes	No
MA0860.1_Rarg	MA0860.1_Rarg	0.195636737389835	2.76404773982192	1.6117161317522	0.908623328629658	0.874052608030722	0	1.24727376007324e-56	1	1	yes	no	no	no	-0.909877621605195	0.83832000016298	-0.563960661495725	0.905896341688334	yes	no	no	no	MA0860.1	RARG	Rarg	Yes	No	No	No	No	Yes	No	No
MA0865.3_E2F8	MA0865.3_E2F8	0.144833986293461	2.93700592144943	1.09371211106321	1.27690711019077	1.13390875941655	0	0.00560653629473141	2.01462632977203e-13	0.000551982307302521	yes	yes	no	yes	0.593226067456307	0.678264325857008	0.666414273275283	0.843289242276154	yes	no	yes	yes	MA0865.3	E2F8	E2F8	Yes	Yes	No	No	Yes	No	Yes	No
MA0867.3_SOX4	MA0867.3_SOX4	2.69481534380221	4.9786447475417	2.44545014512814	0.638341819616481	1.55249057242268	0	1.55767464690683e-272	1	6.15275037466933e-46	yes	no	yes	yes	-0.805190215126931	0.176310226751566	0.174456284695088	0.952170635582437	yes	no	no	yes	MA0867.3	SOX4	SOX4	Yes	No	No	No	No	Yes	Yes	No
MA0869.3_Sox11	MA0869.3_Sox11	0.687837500708059	2.83268862342251	1.00541041636589	1.28517617377952	1.01133207408788	0	0.487138171096314	3.96557150601685e-14	1	yes	yes	no	no	-0.796568387691167	0.113036177838263	0.500145637077116	0.878337703671461	yes	no	yes	no	MA0869.3	SOX11	Sox11	Yes	No	No	No	No	Yes	Yes	No
MA0872.1_TFAP2A	MA0872.1_TFAP2A	0.503806538023803	1.60549840318435	1.75729737495868	1.04608262283371	0.790267795932882	1.0196865356833e-55	1.42965523300012e-83	0.272177478816009	1	no	no	yes	no	0.715850104754767	-0.751670412712564	0.826262578806712	-0.676960241297883	no	yes	no	no	MA0872.1	TFAP2A	TFAP2A	Yes	No	No	No	No	Yes	No	No
MA0890.2_GBX2	MA0890.2_GBX2	0.409403194216662	2.98591773047407	1.77813555635126	0.824887006119337	0.627154115169255	0	8.13997648411393e-88	1	1	yes	no	yes	no	0.622912695668635	0.601528964674863	0.716169432788817	0.634412366192017	yes	yes	no	no	MA0890.2	GBX2	GBX2	No	No	No	No	Yes	No	No	No
MA0895.2_HMBOX1	MA0895.2_HMBOX1	0.347186219328182	0.755696293698337	0.913224387555613	0.61420863174531	1.24866094242049	1	1	1	6.4825251058021e-11	no	no	no	yes	-0.280230432616879	-0.516513919350973	-0.28562429096668	-0.904775495556979	no	no	no	yes	MA0895.2	HMBOX1	HMBOX1	No	No	No	No	No	No	No	Yes
MA0900.3_HOXA2	MA0900.3_HOXA2	0.294723928877245	3.41274586100689	1.36701335541392	0.673124405789659	0.277234067385932	0	1.18373855703413e-22	1	1	yes	no	no	no	0.925016663307808	0.117789735751992	0.434640222854985	0.125363331352276	yes	no	no	no	MA0900.3	HOXA2	HOXA2	No	No	No	No	Yes	No	No	No
MA0902.3_HOXB2	MA0902.3_HOXB2	0.977768566025708	3.41274586100689	1.77813555635126	0.673124405789659	0.627154115169255	0	8.13997648411393e-88	1	1	yes	no	yes	no	0.866176511817278	0.225336859870399	0.600197859228767	0.820419730162884	yes	no	no	no	MA0902.3	HOXB2	HOXB2	No	No	No	No	Yes	No	No	No
MA0903.2_HOXB3	MA0903.2_HOXB3	0.463367657604551	3.41274586100689	1.28992107253382	0.673124405789659	0.665040006164551	0	4.72570325263492e-15	1	1	yes	no	no	no	0.843066581538867	-0.141515005329745	0.506058748045581	0.850901002566952	yes	no	no	no	MA0903.2	HOXB3	HOXB3	No	No	No	No	Yes	No	No	No
MA0904.3_HOXB5	MA0904.3_HOXB5	0.81564550242493	3.41274586100689	1.36701335541392	0.673124405789659	0.277234067385932	0	1.18373855703413e-22	1	1	yes	no	no	no	0.696561940675556	-0.0506965941672427	0.74487829954583	0.146259850500003	yes	no	no	no	MA0904.3	HOXB5	HOXB5	No	No	No	No	Yes	No	No	No
MA1099.3_HES1	MA1099.3_HES1	0.530572400517141	2.67718207225324	1.46897271670869	1.00966747358131	0.557274122053674	0	4.9803841618924e-35	0.982543988272791	1	yes	no	no	no	-0.930406728690038	-0.609242471281083	-0.922878232113212	0.460062771139971	yes	no	no	no	MA1099.3	HES1	HES1	No	Yes	No	No	No	Yes	No	No
MA1100.3_ASCL1	MA1100.3_ASCL1	0.181524608212013	3.46457520672513	2.98674284352896	1.36222288389606	2.19084426346228	0	0	1.34246240334433e-21	9.10837621808707e-190	yes	yes	yes	yes	0.607803070766239	-0.230882528739905	0.760645013202257	0.74439188101553	yes	no	yes	yes	MA1100.3	ASCL1	ASCL1	Yes	No	Yes	No	Yes	No	Yes	No
MA1103.3_FOXK2	MA1103.3_FOXK2	0.209011901915033	5.41316333860603	1.00664493372467	0.871177371802876	1.33456666351614	0	0.472503479477906	1	2.29978416140914e-18	yes	no	no	yes	-0.683955084320982	-0.472750993368288	0.369705644390811	0.818887530556573	yes	no	no	yes	MA1103.3	FOXK2	FOXK2	Yes	Yes	No	No	No	Yes	Yes	No
MA1106.2_HIF1A	MA1106.2_HIF1A	1.01707540654926	1.36436506674684	1.01846239430291	1.32064273768058	1.31392720272399	1.96697344251456e-22	0.339348050847041	2.26047516005199e-17	2.17699166253404e-16	no	yes	no	yes	0.692488101550979	-0.550540352088499	-0.353382001098776	-0.728533949804777	no	no	no	yes	MA1106.2	HIF1A	HIF1A	Yes	No	No	No	No	No	No	Yes
MA1108.3_MXI1	MA1108.3_MXI1	0.329746947674702	2.64017540869093	1.17990326548193	0.920531094495706	0.444254573152536	0	5.79080161623913e-07	1	1	yes	no	no	no	0.887923372961043	0.783277380688598	0.431634723912194	-0.490509623985426	yes	no	no	no	MA1108.3	MXI1	MXI1	No	Yes	No	No	Yes	No	No	No
MA1109.2_NEUROD1	MA1109.2_NEUROD1	2.13268988030248	7.21181096260647	3.45038348843723	1.75642396940152	1.1992135355828	0	0	1.28739805574286e-82	1.75896676983418e-07	yes	yes	yes	yes	0.7562133312899	0.417885637174767	0.763410705465458	0.564081953468045	yes	no	yes	yes	MA1109.2	NEUROD1	NEUROD1	Yes	No	Yes	No	Yes	No	Yes	No
MA1111.2_NR2F2	MA1111.2_NR2F2	0.735617404531312	2.83861183271308	1.13603120661546	0.591421804738413	0.877628351823386	0	0.000113150218745393	1	1	yes	no	no	no	0.825896315873654	-0.665849896517073	0.691444193920352	-0.780056113773958	yes	no	no	no	MA1111.2	NR2F2	NR2F2	No	No	No	No	Yes	No	No	No
MA1113.3_PBX2	MA1113.3_PBX2	0.234040093015597	4.30263574775517	1.82462363207463	0.769865236416745	0.353611232838394	0	1.3343051569631e-97	1	1	yes	no	yes	no	-0.670139933849687	-0.655329058083859	-0.166527832173754	0.373140796565332	yes	yes	no	no	MA1113.3	PBX2	PBX2	Yes	No	No	No	No	Yes	No	No
MA1115.2_POU5F1	MA1115.2_POU5F1	2.59130397536966	5.00185098049018	3.75651950132263	0.701742657122927	0.539417042366558	0	0	1	1	yes	no	yes	no	0.957072854789108	0.897986083829659	-0.185363217034172	-0.0909530270462017	yes	yes	no	no	MA1115.2	POU5F1	POU5F1	Yes	Yes	Yes	No	Yes	No	No	No
MA1116.2_RBPJ	MA1116.2_RBPJ	0.843530402199879	0.908786981371217	1.93181144952342	0.499417909713827	0.713606488227834	1	4.66424957542971e-122	1	1	no	no	yes	no	0.474383304012156	0.510074880161284	0.234668751451669	-0.285859809299897	no	yes	no	no	MA1116.2	RBPJ	RBPJ	Yes	Yes	No	No	Yes	No	No	No
MA1120.2_SOX13	MA1120.2_SOX13	0.179491983748022	1.68404356013165	2.22702810468979	1.01126224341175	2.40751159457371	1.48015263113102e-69	5.6367961213917e-202	0.947991113525762	3.81407821254463e-258	no	no	yes	yes	0.739121043918404	0.163048573096954	-0.50824168185676	-0.556791735321269	no	no	no	yes	MA1120.2	SOX13	SOX13	No	Yes	No	No	No	No	No	Yes
MA1121.2_TEAD2	MA1121.2_TEAD2	0.562919709178257	5.4081060383424	4.7315023611048	1.68405268464234	1.29129246535055	0	0	1.03571816881544e-68	2.29686590748152e-14	yes	yes	yes	yes	0.878245755644221	0.841885378074086	0.888685572941016	0.730123465166219	yes	yes	yes	yes	MA1121.2	TEAD2	TEAD2	Yes	No	Yes	No	Yes	No	Yes	No
MA1122.2_TFDP1	MA1122.2_TFDP1	0.514078492711437	1.23298939468631	2.07042114166596	0.56169105228757	1.74265275834231	1.70044420198714e-10	2.69766175691139e-157	1	2.73079292014263e-79	no	no	yes	yes	0.577867261135965	0.591347586011911	-0.18358711977535	0.658091736882245	no	yes	no	yes	MA1122.2	TFDP1	TFDP1	No	No	No	No	Yes	No	Yes	No
MA1124.1_ZNF24	MA1124.1_ZNF24	0.779113679055907	2.65515560427513	0.903196806448209	1.10010168439477	0.80391783903872	0	1	0.00862253652963276	1	yes	yes	no	no	0.83234466147536	0.263024727762543	0.770407573513434	-0.858022578704044	yes	no	yes	no	MA1124.1	ZNF24	ZNF24	No	Yes	No	No	Yes	No	Yes	No
MA1126.2_FOS::JUN_TF2	MA1126.2_FOS::JUN	1.50328064989062	5.19275989750373	2.46905615731032	1.0264003506916	0.48279081643137	0	1.00317360094587e-280	0.610278425737511	1	yes	no	yes	no	0.905718089322913	0.68864472626256	0.825216455247789	-0.439161464121433	yes	yes	no	no	MA1126.2	JUN	FOS::JUN	Yes	Yes	No	No	Yes	No	No	No
MA1130.2_FOSL2::JUN_TF2	MA1130.2_FOSL2::JUN	1.50328064989062	6.82246994711344	2.05405208887673	1.50515229527185	1.20014538928631	0	6.26610792066056e-153	1.93531704169428e-39	1.55372609444308e-07	yes	yes	yes	yes	0.630251527203923	0.451403266702611	0.485787262507891	0.76441061177062	yes	no	no	yes	MA1130.2	JUN	FOSL2::JUN	Yes	Yes	No	No	Yes	No	Yes	No
MA1131.2_FOSL2::JUN_TF2	MA1131.2_FOSL2::JUN	1.50328064989062	5.65859186542305	2.63346519889017	1.16336197888829	1.59808524995807	0	0	1.3578377034319e-05	3.578757423621e-53	yes	yes	yes	yes	0.897118917471065	0.795921589245849	0.76162678554523	0.882922024402483	yes	yes	yes	yes	MA1131.2	JUN	FOSL2::JUN	Yes	Yes	No	No	Yes	No	Yes	No
MA1132.2_JUN::JUNB_TF2	MA1132.2_JUN::JUNB	0.345426539446852	6.1818015902915	1.96648041185553	1.36999487275421	0.786980719705281	0	1.75601916627954e-130	1.9759660240569e-22	1	yes	yes	yes	no	0.67421678456625	0.299389860602318	0.67660850044281	0.510507859892246	yes	no	yes	no	MA1132.2	JUNB	JUN::JUNB	Yes	Yes	No	No	Yes	No	Yes	No
MA1133.2_JUN::JUNB_TF1	MA1133.2_JUN::JUNB	1.50328064989062	5.52800263471756	2.69434819342128	1.23217212777254	0.813440155466929	0	0	6.42026410927425e-10	1	yes	yes	yes	no	0.901642246857084	0.789489359762826	0.806423248527065	0.804179910187387	yes	yes	yes	no	MA1133.2	JUN	JUN::JUNB	Yes	Yes	No	No	Yes	No	Yes	No
MA1134.2_FOS::JUNB_TF2	MA1134.2_FOS::JUNB	0.345426539446852	6.31618447701403	1.91888776940819	1.38281619436447	1.41271215721887	0	5.58328953931793e-119	7.55795380397219e-24	6.70930600921602e-27	yes	yes	yes	yes	0.662048240160686	0.316313644956527	0.634400129658245	0.561393309261939	yes	no	yes	yes	MA1134.2	JUNB	FOS::JUNB	Yes	Yes	No	No	Yes	No	Yes	No
MA1140.3_JUNB	MA1140.3_JUNB	0.345426539446852	5.50071956990621	2.28726453666131	1.18324740020159	0.51705098257278	0	1.68401446620391e-220	1.05032923789338e-06	1	yes	yes	yes	no	0.624398576130748	0.589160562677537	0.638968796750738	0.594518197881998	yes	yes	yes	no	MA1140.3	JUNB	JUNB	No	No	No	No	Yes	No	Yes	No
MA1141.2_FOS::JUND_TF2	MA1141.2_FOS::JUND	0.452590338686944	7.09079238215048	1.91990564652118	1.70278624509383	1.04329415875638	0	3.21104726777745e-119	3.37886347703383e-72	0.394506383559326	yes	yes	yes	no	0.653286405639974	0.342900739406262	0.470823380264054	0.751583133510407	yes	no	no	no	MA1141.2	JUND	FOS::JUND	Yes	Yes	No	No	Yes	No	No	No
MA1149.2_RARA::RXRG_TF2	MA1149.2_RARA::RXRG	0.35325164813342	2.11755208963893	2.69941828659077	1.01367179344734	0.773309002876574	1.65546129069654e-170	0	0.902201838549316	1	no	no	yes	no	0.74766108828118	-0.839908795457141	0.361894574792172	0.731042929728743	no	yes	no	no	MA1149.2	RXRG	RARA::RXRG	Yes	Yes	No	No	No	Yes	No	No
MA1152.2_SOX15	MA1152.2_SOX15	0.457207349844504	1.77113757186978	2.46708459960283	1.02582653217684	2.02804536107743	1.55143628399515e-86	4.87842448050556e-280	0.620191510465857	1.20888966918627e-144	no	no	yes	yes	0.391113319452457	0.739155650822418	-0.758266723028568	-0.750650457193318	no	yes	no	yes	MA1152.2	SOX15	SOX15	Yes	Yes	No	No	Yes	No	No	Yes
MA1421.1_TCF7L1	MA1421.1_TCF7L1	0.631100885353554	2.45278678187644	1.57275703465816	0.507351174103664	0.320416506547811	1.86312406518291e-275	2.98223383000781e-50	1	1	yes	no	no	no	0.729955722574794	0.817417387227927	-0.0780057378399709	0.87023634717998	yes	no	no	no	MA1421.1	TCF7L1	TCF7L1	Yes	Yes	No	No	Yes	No	No	No
MA1466.2_ATF6	MA1466.2_ATF6	0.455084517894213	1.97537130935138	1.82218996051904	1.19349366342776	1.06724803836102	6.03612321575953e-133	4.46428479140238e-97	2.54886089911011e-07	0.120192770448289	no	yes	yes	no	0.866475871332843	0.816365222391082	0.580781789378289	0.843765397746696	no	yes	yes	no	MA1466.2	ATF6	ATF6	Yes	No	No	No	Yes	No	Yes	No
MA1470.2_BACH2	MA1470.2_BACH2	0.840306740184523	3.2088077923783	1.95708728114948	0.656688677491132	0.434991711299369	0	3.59328590620854e-128	1	1	yes	no	yes	no	0.808447237969855	0.705743451309703	0.771890195187189	-0.593734564956574	yes	yes	no	no	MA1470.2	BACH2	BACH2	Yes	Yes	No	No	Yes	No	No	No
MA1474.2_CREB3L4	MA1474.2_CREB3L4	0.246191592692184	1.91770003131883	1.84791025924819	0.844611387976419	1.15444055478905	6.30254977660982e-119	1.05845475858787e-102	1	6.10280758789435e-05	no	no	yes	yes	-0.842173143012384	0.808368498353386	-0.728766521195964	0.367729863213917	no	yes	no	no	MA1474.2	CREB3L4	CREB3L4	Yes	No	No	No	Yes	No	No	No
MA1475.2_CREB3L4	MA1475.2_CREB3L4	0.246191592692184	4.16123092688331	2.0978145141566	0.919464803462657	0.912221713410696	0	9.55088743030658e-165	1	1	yes	no	yes	no	-0.743834728950389	-0.780165151480669	-0.644354372504513	-0.850080011290752	yes	yes	no	no	MA1475.2	CREB3L4	CREB3L4	Yes	No	No	No	No	Yes	No	No
MA1483.3_ELF2	MA1483.3_ELF2	0.574722439217946	1.26442789083634	3.45539073269698	0.621422324518871	1.27897480892546	6.20348668873856e-13	0	1	2.42221723135843e-13	no	no	yes	yes	-0.604465219953636	0.462827950377554	0.120987394057234	-0.825766025149492	no	no	no	yes	MA1483.3	ELF2	ELF2	Yes	Yes	No	No	No	No	No	Yes
MA1484.2_ETS2	MA1484.2_ETS2	0.363631822690681	1.03501252644262	3.49822888028252	0.671504637956302	1.02471117605536	0.177575334048862	0	1	0.812575844222219	no	no	yes	no	0.187547146585772	-0.62490836186389	-0.605956436675763	0.261690922680021	no	yes	no	no	MA1484.2	ETS2	ETS2	Yes	No	No	No	No	Yes	No	No
MA1491.3_GLI3	MA1491.3_GLI3	0.265191513600199	0.922053259987671	1.18897868484278	1.82162986685622	1.65698802731487	1	1.67226491899622e-07	3.65386506912201e-96	2.89212378851426e-63	no	yes	no	yes	0.343353050831457	0.246560749217529	0.303525248527165	-0.603831992280564	no	no	no	yes	MA1491.3	GLI3	GLI3	Yes	Yes	No	No	No	No	No	Yes
MA1496.2_HOXA4	MA1496.2_HOXA4	0.425578691513679	3.37941433798811	1.41395413550187	1.04571134591813	1.0671215993314	0	5.00919653985312e-28	0.27624998831828	0.120587805728234	yes	no	no	no	0.636957378543665	0.636397819236979	0.20038013722209	0.524347868772786	yes	no	no	no	MA1496.2	HOXA4	HOXA4	No	No	No	No	Yes	No	No	No
MA1499.2_HOXB4	MA1499.2_HOXB4	0.866073889531039	4.50123462932029	1.49802711560932	1.36703048409778	0.53060076169486	0	5.01740835211309e-39	4.09355502618738e-22	1	yes	yes	no	no	0.897373936364161	0.663372062773046	0.696334193291746	0.350473585599505	yes	no	yes	no	MA1499.2	HOXB4	HOXB4	No	No	No	No	Yes	No	Yes	No
MA1501.2_HOXB7	MA1501.2_HOXB7	0.741222061680005	3.01733253246857	1.5244522718749	0.837596505534336	1.08556234153961	0	7.67081949156844e-43	1	0.0370244935784417	yes	no	no	no	0.536253331555627	0.518569346115318	0.81513879074152	0.593846447959047	yes	no	no	no	MA1501.2	HOXB7	HOXB7	No	No	No	No	Yes	No	No	No
MA1503.2_HOXB9	MA1503.2_HOXB9	1.44243892627727	2.78416474500811	1.64188972979522	0.612168901974623	1.12908404483035	0	8.22301256565257e-62	1	0.00088625872478472	yes	no	no	yes	0.542949310743805	0.460632752056428	0.243068916792244	-0.37127633295297	yes	no	no	no	MA1503.2	HOXB9	HOXB9	No	No	No	No	Yes	No	No	No
MA1517.2_KLF6	MA1517.2_KLF6	0.58749160852442	2.27819996164921	4.45068327670039	0.713843505508862	0.821700953344899	5.72199529217421e-218	0	1	1	yes	no	yes	no	-0.770477596274175	-0.830842384988717	0.397037541062883	0.763138870449301	yes	yes	no	no	MA1517.2	KLF6	KLF6	Yes	No	No	No	No	Yes	No	No
MA1520.2_MAF	MA1520.2_MAF	0.323740018903874	2.59454997559156	0.978290655738914	0.958222818646519	1.31256900982841	0	0.791740846559373	1	2.89516517528628e-16	yes	no	no	yes	0.806265410700959	-0.404497466927595	0.23065688790774	-0.674805343451237	yes	no	no	yes	MA1520.2	MAF	MAF	Yes	Yes	No	No	Yes	No	No	Yes
MA1523.2_MSANTD3	MA1523.2_MSANTD3	0.751365820108476	3.48348693887041	1.13329787309483	1.90630573730566	0.883498500297224	0	0.000150477255755527	3.65560205659397e-115	1	yes	yes	no	no	0.83638277936313	0.702342633784955	0.667783165569363	-0.877685474057481	yes	no	yes	no	MA1523.2	MSANTD3	MSANTD3	No	No	No	No	Yes	No	Yes	No
MA1525.3_NFATC4	MA1525.3_NFATC4	0.147427787332556	1.93463372772359	1.56723260658621	0.632696240017878	1.13727425349939	5.72784914749665e-123	2.24774544131272e-49	1	0.000396720152708184	no	no	no	yes	-0.678040202422527	-0.44547505171006	-0.430558978233274	-0.893235074900026	no	no	no	yes	MA1525.3	NFATC4	NFATC4	Yes	No	No	No	No	No	No	Yes
MA1529.2_NHLH2	MA1529.2_NHLH2	0.795166344918919	2.72242780261857	2.80375932729086	0.957731948586443	0.550334901485903	0	0	1	1	yes	no	yes	no	0.662703851126676	-0.250706076320697	0.295769857749656	0.0304429474540796	yes	no	no	no	MA1529.2	NHLH2	NHLH2	Yes	No	No	No	Yes	No	No	No
MA1535.2_NR2C1	MA1535.2_NR2C1	0.31118726914419	2.163405945192	1.78339209841939	0.648602135132845	1.1825910223678	1.63379871249557e-183	7.17579496611606e-89	1	1.76472573456227e-06	yes	no	yes	yes	0.66744986015148	-0.665975029285611	-0.666137417189453	-0.736304524644683	yes	yes	no	yes	MA1535.2	NR2C1	NR2C1	Yes	Yes	No	No	Yes	Yes	No	Yes
MA1536.2_NR2C2	MA1536.2_NR2C2	0.258285803638631	2.163405945192	1.78339209841939	0.648602135132845	1.1825910223678	1.63379871249557e-183	7.17579496611606e-89	1	1.76472573456227e-06	yes	no	yes	yes	0.42549618233389	-0.533989703946189	-0.725450330147027	-0.781984510696698	no	yes	no	yes	MA1536.2	NR2C2	NR2C2	Yes	Yes	No	No	No	Yes	No	Yes
MA1537.2_NR2F1	MA1537.2_NR2F1	0.887432778679365	1.78910913131044	2.54905519307156	1.69585511308215	1.01181701176304	2.98634551130479e-90	2.57095820674665e-309	6.713848183846e-71	1	no	yes	yes	no	-0.587871733529688	-0.836669938045903	-0.935834091771373	-0.723938282211986	no	yes	yes	no	MA1537.2	NR2F1	NR2F1	No	No	No	No	No	Yes	No	Yes
MA1539.1_NR2F6	MA1539.1_NR2F6	0.726488007807501	2.17667668505425	1.50524907829318	0.598035342129584	0.736487652033711	2.35787576133154e-187	4.74346001978885e-40	1	1	yes	no	no	no	0.72515932673165	0.785714632776154	-0.468406111010361	0.666264756445648	yes	no	no	no	MA1539.1	NR2F6	NR2F6	No	Yes	No	No	Yes	No	No	No
MA1541.2_NR6A1	MA1541.2_NR6A1	0.83916274531615	1.05928550170163	2.65411435948181	0.612890086399352	0.655198323999769	0.0543340834863415	0	1	1	no	no	yes	no	-0.714755471619097	0.868850715244296	-0.558998996492147	0.844813755146033	no	yes	no	no	MA1541.2	NR6A1	NR6A1	No	No	No	No	Yes	No	No	No
MA1547.2_PITX2	MA1547.2_PITX2	0.228177093508282	2.99603835845834	2.8698031543889	0.781318298583396	1.55302326305358	0	0	1	5.24250518396514e-46	yes	no	yes	yes	0.833269098135216	0.82612486822488	0.139055698831857	0.89195353389908	yes	yes	no	yes	MA1547.2	PITX2	PITX2	No	No	No	No	Yes	No	Yes	No
MA1553.2_RARG	MA1553.2_RARG	0.195636737389835	1.92230782367113	2.3941855596593	0.747815169764848	1.03762236363278	5.08663765350449e-120	4.01451619489575e-255	1	0.499919791285631	no	no	yes	no	-0.494012568400243	0.877991303309147	0.333327740762244	0.85521403449802	no	yes	no	no	MA1553.2	RARG	RARG	Yes	No	No	No	Yes	No	No	No
MA1554.2_RFX7	MA1554.2_RFX7	0.245032120063085	3.68719094966228	2.38283546119287	1.45646066129962	0.917633253537214	0	2.45768731237672e-251	8.79737240810661e-33	1	yes	yes	yes	no	0.681334544870483	0.702449193132798	0.6843548909307	0.883253834227952	yes	yes	yes	no	MA1554.2	RFX7	RFX7	Yes	No	No	No	Yes	No	Yes	No
MA1555.1_RXRB	MA1555.1_RXRB	0.189127997231999	2.3692140530545	2.3016952176891	0.607929563553496	0.638693003403697	3.49354295652511e-247	4.86720507945689e-225	1	1	yes	no	yes	no	0.552231437411914	-0.665435596580982	-0.0654829014666077	-0.541748047198028	yes	yes	no	no	MA1555.1	RXRB	RXRB	No	No	No	No	Yes	Yes	No	No
MA1556.1_RXRG	MA1556.1_RXRG	0.35325164813342	2.52285562605828	2.08007009932627	0.910369692325282	0.595149976245711	3.22365901347458e-300	6.6608964930332e-160	1	1	yes	no	yes	no	0.358364268521729	-0.865089458601344	-0.11751437820413	-0.844918701854309	no	yes	no	no	MA1556.1	RXRG	RXRG	No	No	No	No	No	Yes	No	No
MA1566.3_TBX3	MA1566.3_TBX3	0.113778128536357	1.29523476008321	1.97109343945661	0.654211227525805	0.570823266981739	1.39932040556916e-15	1.26939544137956e-131	1	1	no	no	yes	no	0.332225042557691	-0.559889680549439	-0.0801749569087157	0.277447334799628	no	yes	no	no	MA1566.3	TBX3	TBX3	No	Yes	No	No	No	Yes	No	No
MA1570.1_TFAP4	MA1570.1_TFAP4	0.244723036115158	3.47556173294302	1.2249464658646	1.45266063915918	0.791594123126661	0	7.11712118220209e-10	2.70871617727426e-32	1	yes	yes	no	no	-0.691380858036402	0.491677838749841	-0.597649868912881	0.744429265729879	yes	no	yes	no	MA1570.1	TFAP4	TFAP4	Yes	No	No	No	No	Yes	No	Yes
MA1581.2_ZBTB6	MA1581.2_ZBTB6	0.258285803638631	0.881335812694145	2.14245043735496	0.665885852066705	0.894250260777652	1	3.21497202517381e-177	1	1	no	no	yes	no	-0.58385816853119	-0.549717159010903	0.217410851264958	-0.725893010689606	no	yes	no	no	MA1581.2	ZBTB6	ZBTB6	No	No	No	No	No	Yes	No	No
MA1585.2_ZKSCAN1	MA1585.2_ZKSCAN1	1.15714691838744	1.09471276889468	2.2258781729186	0.702489158221822	0.9085089076924	0.00490135919066622	1.24661976661286e-201	1	1	no	no	yes	no	-0.870554654664985	-0.823975139668149	-0.381965139148503	0.87091232476686	no	yes	no	no	MA1585.2	ZKSCAN1	ZKSCAN1	No	No	No	No	No	Yes	No	No
MA1588.1_ZNF136	MA1588.1_ZNF136	0.212532106670931	0.702953765717405	1.71850626740626	1.27444042515266	1.32390942001558	1	6.36481051847005e-76	3.24844725992142e-13	2.52186813171991e-17	no	yes	no	yes	-0.344166526699627	-0.710861869342613	-0.675964275575323	-0.737182663725477	no	no	yes	yes	MA1588.1	ZNF136	ZNF136	No	Yes	No	No	No	No	No	Yes
MA1594.1_ZNF382	MA1594.1_ZNF382	0.254072675598183	2.13995658743892	1.01924293032028	1.3709905900968	0.750718761024636	8.25125663704637e-177	0.331239263916063	1.54538018254564e-22	1	no	yes	no	no	0.797877063966964	0.682969520944511	0.76186659120798	0.885166295046773	no	no	yes	no	MA1594.1	ZNF382	ZNF382	No	Yes	No	No	No	No	Yes	No
MA1599.2_ZNF682	MA1599.2_ZNF682	0.201380708260827	2.68650470800052	4.18745371942835	1.02762241592216	0.717004785329301	0	0	0.584888420625359	1	yes	no	yes	no	-0.583293411197706	0.61631098904454	-0.401631722096907	-0.680467978983106	yes	yes	no	no	MA1599.2	ZNF682	ZNF682	No	No	No	No	Yes	Yes	No	No
MA1602.2_ZSCAN29	MA1602.2_ZSCAN29	0.171926696850184	0.881782088257919	0.882023186287254	1.17111292888068	0.348408886037253	1	1	5.19694954383603e-06	1	no	yes	no	no	0.665045246333456	-0.0448644179443717	0.669578264249565	-0.13726048183529	no	no	yes	no	MA1602.2	ZSCAN29	ZSCAN29	No	No	No	No	No	No	Yes	No
MA1615.2_Plagl1	MA1615.2_Plagl1	0.354928987090913	1.48239760755658	4.14325037876028	0.544793731159239	0.909943255015049	6.04694484351737e-37	0	1	1	no	no	yes	no	0.487427591029134	-0.597243347022961	-0.366234722130097	-0.347259090962757	no	yes	no	no	MA1615.2	PLAGL1	Plagl1	Yes	No	No	No	No	Yes	No	No
MA1628.2_Zic1::Zic2_TF1	MA1628.2_Zic1::Zic2	1.14365305213864	2.422040040556	2.41246202836958	1.92857314408753	2.42822573389186	6.85055327821544e-265	2.8621833072701e-261	2.0212936004109e-120	5.20711434640409e-265	yes	yes	yes	yes	0.720068987508222	-0.711676006593155	0.892128535627688	0.533370685870614	yes	yes	yes	yes	MA1628.2	ZIC1	Zic1::Zic2	Yes	Yes	No	No	Yes	Yes	Yes	No
MA1631.2_ASCL1	MA1631.2_ASCL1	0.181524608212013	3.89705673302507	5.13958390823569	1.39154007048131	0.555862288854817	0	0	7.82901074626089e-25	1	yes	yes	yes	no	-0.566106570652634	-0.595213845096133	-0.680603214624087	0.296554403619077	yes	yes	yes	no	MA1631.2	ASCL1	ASCL1	Yes	No	Yes	No	No	Yes	No	Yes
MA1632.2_ATF2	MA1632.2_ATF2	0.672525739226565	5.8190009575219	1.692370029929	1.01345632049968	1.05114300705406	0	5.89149102523068e-71	0.905292776618335	0.273180556531072	yes	no	no	no	0.902992705610791	0.877786946332957	0.237078240101484	0.914591327130298	yes	no	no	no	MA1632.2	NA	ATF2	Yes	No	No	No	Yes	No	No	No
MA1633.2_BACH1	MA1633.2_BACH1	0.535483028408263	7.28622396706352	2.05712613041936	1.70702715204505	0.881886212350853	0	9.59069395859136e-154	5.3446944814125e-73	1	yes	yes	yes	no	0.65603946175251	0.319208381232521	0.508206381585318	0.63406965155166	yes	no	yes	no	MA1633.2	BACH1	BACH1	Yes	Yes	No	Yes	Yes	No	Yes	No
MA1639.2_MEIS1	MA1639.2_MEIS1	0.583595548499176	7.3111886615809	2.23506059345121	1.02389044141932	1.43139987857434	0	2.12678651536698e-204	0.658189988155553	3.77181953093846e-29	yes	no	yes	yes	0.894170710892518	0.769457445382124	0.906990949175379	0.918101820026726	yes	yes	no	yes	MA1639.2	MEIS1	MEIS1	Yes	No	No	No	Yes	No	Yes	No
MA1640.2_MEIS2	MA1640.2_MEIS2	1.80647138964028	5.33607712217785	1.61976624688245	0.832341370627304	0.615636105869747	0	5.43024275479917e-58	1	1	yes	no	no	no	0.938111636107668	0.655845326599622	0.635266339545924	-0.636760328955361	yes	no	no	no	MA1640.2	MEIS2	MEIS2	Yes	No	No	No	Yes	No	No	No
MA1642.2_NEUROG2	MA1642.2_NEUROG2	0.264000020286701	6.54597716951348	3.40829306454595	2.74281620479604	0.854351342134473	0	0	0	1	yes	yes	yes	no	0.798914920615453	-0.16130288862613	-0.131913262571738	0.805312838105666	yes	no	no	no	MA1642.2	NEUROG2	NEUROG2	No	No	No	No	Yes	No	No	No
MA1643.2_NFIB	MA1643.2_NFIB	0.157842616322541	2.64588377834357	2.28933244139517	0.896673806662879	0.540085952429811	0	3.79361413485458e-221	1	1	yes	no	yes	no	-0.710224714257843	0.764619497711986	-0.310536545640358	-0.595306941306578	yes	yes	no	no	MA1643.2	NFIB	NFIB	Yes	No	No	No	Yes	Yes	No	No
MA1644.2_NFYC	MA1644.2_NFYC	0.681334099761957	2.16099033253956	2.29019925284223	0.669711472765595	0.972763854666282	8.08906869518695e-183	2.0356104455924e-221	1	1	no	no	yes	no	-0.632565655667089	-0.687866680198353	0.158673350734755	-0.119726006505463	no	yes	no	no	MA1644.2	NFYC	NFYC	Yes	Yes	No	No	No	Yes	No	No
MA1647.3_Prdm4	MA1647.3_Prdm4	0.248497305026036	1.07141612537725	1.04934263095581	1.93883651942455	0.344294033345556	0.0261830882723308	0.0960209128908268	7.23006314958095e-123	1	no	yes	no	no	0.139955805328494	-0.415952483085644	0.732925254972886	-0.424154162697194	no	no	yes	no	MA1647.3	PRDM4	Prdm4	No	No	No	No	No	No	Yes	No
MA1648.2_TCF12	MA1648.2_TCF12	0.806115910622796	2.8633568724107	5.59242262712694	1.91088063673295	0.717042419620827	0	0	3.14513224484533e-116	1	yes	yes	yes	no	-0.509334353301959	-0.845624754572854	-0.70579636896224	-0.406292404913694	yes	yes	yes	no	MA1648.2	TCF12	TCF12	No	No	No	No	No	Yes	No	Yes
MA1649.2_ZBTB12	MA1649.2_ZBTB12	0.162820371160267	1.84626119787544	1.85109515094885	0.867975746646042	0.960937633579605	1.5110677427549e-102	2.07935049944716e-103	1	1	no	no	yes	no	0.332444519102636	-0.655914216004018	0.522017591685933	-0.748490418582923	no	yes	no	no	MA1649.2	ZBTB12	ZBTB12	No	No	No	No	No	Yes	No	No
MA1652.2_ZKSCAN5	MA1652.2_ZKSCAN5	0.204773206186712	2.14506638339507	1.07843150723116	1.49314195387666	1.13142066353408	2.93364966182467e-178	0.0172181501031943	9.58234103422028e-38	0.000708151675713191	no	yes	no	yes	0.703452403793474	0.0766381524851686	0.58205803106325	0.347524475286074	no	no	yes	no	MA1652.2	ZKSCAN5	ZKSCAN5	No	No	No	No	No	No	Yes	No
MA1653.2_ZNF148	MA1653.2_ZNF148	0.568854621273038	1.96042245821743	2.06347349544907	0.921205295601462	1.5090774748794	3.0467954855078e-129	1.94416289128504e-155	1	1.76655363238965e-39	no	no	yes	yes	-0.638093911015643	-0.873476198845463	0.637007011546146	0.935713263732477	no	yes	no	yes	MA1653.2	ZNF148	ZNF148	No	No	No	No	No	Yes	Yes	No
MA1657.2_ZNF652	MA1657.2_ZNF652	0.394729463557883	1.29602896925994	1.61620059366844	1.88310658220035	0.782208501057319	1.18794722037965e-15	2.19170860421551e-57	7.94120630237356e-110	1	no	yes	no	no	0.0807833625419747	-0.696504244535941	-0.532289404599432	-0.802877375362652	no	no	yes	no	MA1657.2	ZNF652	ZNF652	No	Yes	No	No	No	No	No	Yes
MA1713.2_ZNF610	MA1713.2_ZNF610	0.190512282723328	1.71589260805177	1.26886594234052	0.696161121902323	1.28305641138483	1.44855071688742e-75	2.98857680992227e-13	1	1.10544600455897e-13	no	no	no	yes	-0.602698626521121	0.515816708771009	0.376801037945774	0.807420718254844	no	no	no	yes	MA1713.2	ZNF610	ZNF610	No	No	No	No	No	No	Yes	No
MA1726.2_ZNF331	MA1726.2_ZNF331	0.204568707564391	3.87778211731491	1.65143377095761	1.60053365608256	0.667340492386491	0	1.69842946564697e-63	3.73769510289476e-54	1	yes	yes	no	no	-0.539695547858381	0.679985467380966	-0.488428234034097	0.343101154309688	yes	no	no	no	MA1726.2	ZNF331	ZNF331	No	No	No	No	No	Yes	No	No
MA1928.2_BNC2	MA1928.2_BNC2	0.218989315354529	5.5819546251418	2.34383591714057	1.39696144621097	1.30294369262344	0	1.55152737724701e-238	1.85348079374721e-25	2.07899221495101e-15	yes	yes	yes	yes	-0.561865597885899	0.507005191332964	-0.39174519446705	-0.815409056240258	yes	yes	no	yes	MA1928.2	BNC2	BNC2	No	No	No	No	Yes	Yes	No	Yes
MA1933.2_ELK1::SREBF2_TF2	MA1933.2_ELK1::SREBF2	0.748475270257925	1.06940299845854	2.51839628148535	0.891129161616648	0.843311836011973	0.0297476035789004	3.2751969501274e-298	1	1	no	no	yes	no	-0.578390731183205	0.557654194194266	0.205302361384117	-0.913612264493427	no	yes	no	no	MA1933.2	SREBF2	ELK1::SREBF2	Yes	No	No	No	Yes	No	No	No
MA1939.2_ERF::SREBF2_TF2	MA1939.2_ERF::SREBF2	0.748475270257925	4.27290397616526	1.20011210602642	1.37379005742975	0.799588602770508	0	3.35586763117047e-08	7.63424342326124e-23	1	yes	yes	no	no	-0.733225373805603	0.184632016917866	-0.361720026652025	-0.866555720416134	yes	no	no	no	MA1939.2	SREBF2	ERF::SREBF2	Yes	Yes	No	No	No	Yes	No	No
MA1947.2_ETV5::FOXO1_TF2	MA1947.2_ETV5::FOXO1	0.301494333528281	1.70952998262906	1.07068750691269	1.21375717663984	1.30565570876185	2.39866983956229e-74	0.028706338544871	1.25719019459557e-08	1.24624251690937e-15	no	yes	no	yes	-0.713545059949021	0.624984849726911	-0.231732467221928	0.537661301387781	no	no	no	yes	MA1947.2	FOXO1	ETV5::FOXO1	Yes	Yes	No	No	No	No	Yes	No
MA1951.2_FOS	MA1951.2_FOS	0.618111159863664	3.8690336095889	2.41749752609362	1.96907770640268	0.647941564442002	0	5.66430015102386e-263	3.17965714231448e-130	1	yes	yes	yes	no	-0.531101895015559	-0.263244683902236	-0.104035610390251	-0.394042168527437	yes	no	no	no	MA1951.2	FOS	FOS	Yes	No	No	No	No	Yes	No	No
MA1955.2_FOXO1::ELK3_TF1	MA1955.2_FOXO1::ELK3	0.301494333528281	2.79049398766367	1.06662998390489	0.581572281428058	0.455516015484821	0	0.0368564826486059	1	1	yes	no	no	no	0.911302768994131	0.582236835864825	-0.0252814203948704	-0.515299216900272	yes	no	no	no	MA1955.2	FOXO1	FOXO1::ELK3	Yes	Yes	Yes	No	Yes	No	No	No
MA1957.1_HOXB2::ELK1_TF1	MA1957.1_HOXB2::ELK1	0.977768566025708	1.5158814993833	3.27241270846026	0.693785850862366	1.36965035848603	1.08564023380733e-41	0	1	5.27644473708371e-22	no	no	yes	yes	0.560116757615682	0.777466542975114	0.352870209090984	-0.858018214235367	no	yes	no	yes	MA1957.1	HOXB2	HOXB2::ELK1	No	No	No	No	Yes	No	No	Yes
MA1959.2_KLF7	MA1959.2_KLF7	0.57397776318393	3.84232758649786	3.52500637149573	1.089944897104	0.90958708185474	0	0	0.0190846436731943	1	yes	no	yes	no	-0.781177600725954	-0.82297868943698	-0.578671489125552	0.791247384865221	yes	yes	no	no	MA1959.2	KLF7	KLF7	No	Yes	No	No	No	Yes	No	No
MA1961.2_PATZ1	MA1961.2_PATZ1	0.312421572583964	3.33396307445663	2.39635695548135	0.562464389587257	1.49377254549746	0	7.63564730990831e-256	1	2.54424206405614e-37	yes	no	yes	yes	-0.322939032337109	-0.543670586503904	-0.668867826261712	0.692806180885928	no	yes	no	yes	MA1961.2	PATZ1	PATZ1	No	No	No	No	No	Yes	Yes	No
MA1962.1_POU2F1::SOX2_TF2	MA1962.1_POU2F1::SOX2	1.4326641526609	10.0831883441451	2.44946778955782	0.761245619467746	0.416917138073605	0	6.43826330126961e-274	1	1	yes	no	yes	no	0.871746868350271	0.691038634679249	0.486993286249047	-0.494511183027355	yes	yes	no	no	MA1962.1	SOX2	POU2F1::SOX2	Yes	No	No	No	Yes	No	No	No
MA1964.2_SMAD2	MA1964.2_SMAD2	0.534913828822343	0.736827136311821	2.31383076035042	0.851995629683216	0.340370656955788	1	6.77607522694696e-229	1	1	no	no	yes	no	-0.580945783842494	-0.667240085725686	0.205567231797932	0.617375024422937	no	yes	no	no	MA1964.2	SMAD2	SMAD2	No	No	No	No	No	Yes	No	No
MA1966.2_TFAP4::ETV1_TF1	MA1966.2_TFAP4::ETV1	0.244723036115158	2.60050363172255	1.41959547784838	1.01169267639183	1.02794880204291	0	1.03762951880066e-28	0.947991113525762	0.723841489704752	yes	no	no	no	-0.678703989482725	-0.739923530777367	0.191294277170258	0.615167971214027	yes	no	no	no	MA1966.2	TFAP4	TFAP4::ETV1	Yes	No	No	No	No	Yes	No	No
MA1969.2_THRA	MA1969.2_THRA	0.445662285201884	2.37985440791874	1.58936014476607	0.6753322888992	1.00211162942496	1.0503263832396e-250	6.30404728592532e-53	1	1	yes	no	no	no	0.640278969759654	-0.698975126578726	0.618715464134228	-0.801807436057558	yes	no	no	no	MA1969.2	THRA	THRA	Yes	Yes	No	No	Yes	No	No	No
MA1970.2_TRPS1	MA1970.2_TRPS1	0.262918984156317	4.60992359927075	1.79346089156508	1.40134293080692	0.386382983389973	0	5.68789850004017e-91	5.87258408694333e-26	1	yes	yes	yes	no	-0.757506981212538	-0.555193491029071	-0.682679044249067	-0.674663990720615	yes	yes	yes	no	MA1970.2	TRPS1	TRPS1	No	Yes	No	No	No	Yes	No	Yes
MA1972.1_ZFP14	MA1972.1_ZFP14	0.36487828329068	2.45752180911369	1.46220491890889	1.65443769120773	0.529531046394773	4.24729287542461e-277	3.98123043823342e-34	2.35007270400608e-63	1	yes	yes	no	no	0.771617381903408	-0.0943717903318484	0.495660372170862	0.786814470400264	yes	no	no	no	MA1972.1	ZFP14	ZFP14	No	No	No	No	Yes	No	No	No
MA1977.2_ZNF324	MA1977.2_ZNF324	0.169452925689861	1.97934668172598	2.47081221047576	0.771650376085456	0.949936304119364	6.15621151624993e-134	2.45038668459412e-281	1	1	no	no	yes	no	0.801107200366245	-0.80724895134686	0.716014905611634	-0.667567565433453	no	yes	no	no	MA1977.2	ZNF324	ZNF324	No	No	No	No	No	Yes	No	No
MA1985.1_ZNF669	MA1985.1_ZNF669	0.38630544654648	1.83709665361371	0.89059384662448	1.17480023615243	0.424452383525506	1.58025775109378e-100	1	3.2221693639154e-06	1	no	yes	no	no	0.810823863657532	0.202536713682252	0.776509866673609	0.738930175320624	no	no	yes	no	MA1985.1	ZNF669	ZNF669	No	No	No	No	No	No	Yes	No
MA1988.2_Atf3	MA1988.2_Atf3	0.764839783957798	5.5819546251418	2.34383591714057	1.39696144621097	1.30294369262344	0	1.55152737724701e-238	1.85348079374721e-25	2.07899221495101e-15	yes	yes	yes	yes	0.444053373977271	0.312087631054003	0.710313732694097	-0.151980064786314	no	no	yes	no	MA1988.2	ATF3	Atf3	Yes	Yes	No	No	No	No	Yes	No
MA1993.2_Neurod2	MA1993.2_Neurod2	0.213520661289871	3.4158207458272	2.31451341116474	1.73531461129715	0.707542854217039	0	4.14357226668068e-229	1.85173731753216e-78	1	yes	yes	yes	no	0.693213138296578	0.438357406701418	0.754726922219876	0.133572378931141	yes	no	yes	no	MA1993.2	NEUROD2	Neurod2	Yes	No	No	No	Yes	No	Yes	No
MA1996.2_Nr1H2	MA1996.2_Nr1H2	0.333172191348903	2.163405945192	2.33395027067754	0.648602135132845	1.22353717449076	1.63379871249557e-183	2.46039982340639e-235	1	4.47431538457752e-09	yes	no	yes	yes	-0.652379501296294	0.816251275892014	0.767856930238365	0.897090818278041	yes	yes	no	yes	MA1996.2	NR1H2	Nr1H2	Yes	No	No	No	Yes	Yes	Yes	No
MA1999.2_Prdm5	MA1999.2_Prdm5	0.173504271754529	0.757243428057447	1.58736836446926	1.33942003404528	0.415765054348907	1	1.32719101584662e-52	3.21723269028535e-19	1	no	yes	no	no	0.154059246236006	-0.105364010304428	-0.761640308203343	0.234173154638037	no	no	yes	no	MA1999.2	PRDM5	Prdm5	No	No	No	No	No	No	No	Yes
MA2099.1_ZNF770	MA2099.1_ZNF770	0.680042314195296	0.71318441922625	1.25717335838112	0.976384947064433	1.13989774160379	1	2.65946729260613e-12	1	0.000300214582718771	no	no	no	yes	0.357690231681272	0.113006862346756	-0.167297216593286	-0.638119737016007	no	no	no	yes	MA2099.1	ZNF770	ZNF770	No	No	No	No	No	No	No	Yes
MA2100.1_ZSCAN16	MA2100.1_ZSCAN16	0.188681650250959	2.40727049531822	1.27107220466848	1.46370792813539	0.586379913072527	6.97102092484359e-260	1.96502488540028e-13	9.80082045177691e-34	1	yes	yes	no	no	0.768453955421947	0.422375136154003	0.747839744666803	-0.667765666718666	yes	no	yes	no	MA2100.1	ZSCAN16	ZSCAN16	No	No	No	No	Yes	No	Yes	No
MA2102.1_ZBTB17	MA2102.1_ZBTB17	0.257424922441443	3.90833653058969	2.54147952132442	2.09844131257703	0.603077084706127	0	1.48553021862362e-306	6.53206828873893e-164	1	yes	yes	yes	no	0.726351816102672	0.692728448147262	0.75612289941705	0.748190497305242	yes	yes	yes	no	MA2102.1	ZBTB17	ZBTB17	Yes	Yes	No	No	Yes	No	Yes	No
MA2119.1_HOXA3	MA2119.1_HOXA3	0.540778547696266	3.01733253246857	1.57936888623077	0.837596505534336	0.612701755312456	0	2.61158854586264e-51	1	1	yes	no	no	no	0.883078154374751	0.448278173544277	0.514429628967327	-0.578751286187602	yes	no	no	no	MA2119.1	HOXA3	HOXA3	No	No	No	No	Yes	No	No	No
MA2324.1_BCL11A	MA2324.1_BCL11A	0.259477380463988	1.73547526737661	2.17911494600247	0.819154207490645	0.605133259824108	2.23454280369082e-79	8.98717983542871e-188	1	1	no	no	yes	no	-0.837130560462562	0.902749741093563	-0.492092901887939	-0.384711405517508	no	yes	no	no	MA2324.1	BCL11A	BCL11A	No	Yes	No	No	Yes	No	No	No
MA2328.1_ZBED4	MA2328.1_ZBED4	0.326015952761515	3.11693220656651	1.17858458181638	0.454969352624613	0.743754346605724	0	6.90734057913093e-07	1	1	yes	no	no	no	-0.788127116495486	-0.816886839137987	-0.481595096773856	0.833782944992005	yes	no	no	no	MA2328.1	ZBED4	ZBED4	Yes	No	No	No	No	Yes	No	No
MA2329.1_ZBTB11	MA2329.1_ZBTB11	0.302805059854746	1.07508553932193	3.29391461507715	0.649881745825021	1.17876529722343	0.0205882212228217	0	1	2.89165162104451e-06	no	no	yes	yes	-0.102831637235775	0.572028541143283	0.216707544931162	-0.735209714964634	no	yes	no	yes	MA2329.1	ZBTB11	ZBTB11	No	No	No	No	Yes	No	No	Yes
MA2330.1_ZBTB24	MA2330.1_ZBTB24	0.205313743662342	0.521790427705729	2.86378992244912	0.847942119352524	1.12663029522766	1	0	1	0.0011245573962495	no	no	yes	yes	0.242215817189627	0.568833147501862	-0.555775632701461	0.459296633881683	no	yes	no	no	MA2330.1	ZBTB24	ZBTB24	No	No	No	No	Yes	No	No	No
MA2333.1_ZNF35	MA2333.1_ZNF35	0.345426539446852	1.05279306838341	1.88779866294903	0.796843681462525	1.20860468784651	0.0773177692957075	1.01807826248089e-111	1	4.48923810663673e-08	no	no	yes	yes	0.809835832226454	-0.856508633787324	0.423371413032965	-0.880768997258797	no	yes	no	yes	MA2333.1	ZNF35	ZNF35	No	No	No	No	No	Yes	No	Yes
MA2339.1_Nanog	MA2339.1_Nanog	0.883125162152417	3.53958263045442	1.2881752869944	1.05076567173982	0.426596655287852	0	6.72520885810741e-15	0.217969891666951	1	yes	no	no	no	0.845195423944454	0.114022143302187	0.600405865754979	-0.582202256651302	yes	no	no	no	MA2339.1	NANOG	Nanog	Yes	Yes	No	No	Yes	No	No	No
MA2340.1_Zbtb2	MA2340.1_Zbtb2	0.153766929734472	2.75354175365469	3.29787070961044	0.841310564961542	1.22509641085757	0	0	1	3.52053132840473e-09	yes	no	yes	yes	-0.358664050722934	0.514222603609021	0.206913037329929	-0.0971308121073147	no	yes	no	no	MA2340.1	ZBTB2	Zbtb2	No	No	No	No	Yes	No	No	No
