"sweep","sweep_value","theme","category","pct","n","n_nodes"
"adjpvalue_threshold",0.02,"TF_enhancer","fully_uncoupled",42.8571428571429,27,63
"adjpvalue_threshold",0.02,"TF_enhancer","intermediate",25.3968253968254,16,63
"adjpvalue_threshold",0.02,"TF_enhancer","fully_coupled",31.7460317460317,20,63
"adjpvalue_threshold",0.02,"TF_promoter","fully_uncoupled",67.2727272727273,148,220
"adjpvalue_threshold",0.02,"TF_promoter","intermediate",21.3636363636364,47,220
"adjpvalue_threshold",0.02,"TF_promoter","fully_coupled",11.3636363636364,25,220
"adjpvalue_threshold",0.05,"TF_enhancer","fully_uncoupled",43.7246963562753,216,494
"adjpvalue_threshold",0.05,"TF_enhancer","intermediate",21.4574898785425,106,494
"adjpvalue_threshold",0.05,"TF_enhancer","fully_coupled",34.8178137651822,172,494
"adjpvalue_threshold",0.05,"TF_promoter","fully_uncoupled",61.1721611721612,1503,2457
"adjpvalue_threshold",0.05,"TF_promoter","intermediate",28.3272283272283,696,2457
"adjpvalue_threshold",0.05,"TF_promoter","fully_coupled",10.5006105006105,258,2457
"adjpvalue_threshold",0.1,"TF_enhancer","fully_uncoupled",43.8136826783115,301,687
"adjpvalue_threshold",0.1,"TF_enhancer","intermediate",27.9475982532751,192,687
"adjpvalue_threshold",0.1,"TF_enhancer","fully_coupled",28.2387190684134,194,687
"adjpvalue_threshold",0.1,"TF_promoter","fully_uncoupled",57.7648268769284,1685,2917
"adjpvalue_threshold",0.1,"TF_promoter","intermediate",35.1045594789167,1024,2917
"adjpvalue_threshold",0.1,"TF_promoter","fully_coupled",7.13061364415495,208,2917
"adjpvalue_threshold",0.2,"TF_enhancer","fully_uncoupled",43.7853107344633,310,708
"adjpvalue_threshold",0.2,"TF_enhancer","intermediate",28.5310734463277,202,708
"adjpvalue_threshold",0.2,"TF_enhancer","fully_coupled",27.683615819209,196,708
"adjpvalue_threshold",0.2,"TF_promoter","fully_uncoupled",57.5932203389831,1699,2950
"adjpvalue_threshold",0.2,"TF_promoter","intermediate",35.4576271186441,1046,2950
"adjpvalue_threshold",0.2,"TF_promoter","fully_coupled",6.94915254237288,205,2950
"dev_ratio_threshold",0.1,"TF_enhancer","fully_uncoupled",43.0622009569378,720,1672
"dev_ratio_threshold",0.1,"TF_enhancer","intermediate",17.2846889952153,289,1672
"dev_ratio_threshold",0.1,"TF_enhancer","fully_coupled",39.6531100478469,663,1672
"dev_ratio_threshold",0.1,"TF_promoter","fully_uncoupled",68.5197588747488,4092,5972
"dev_ratio_threshold",0.1,"TF_promoter","intermediate",21.9022103148024,1308,5972
"dev_ratio_threshold",0.1,"TF_promoter","fully_coupled",9.57803081044876,572,5972
"dev_ratio_threshold",0.2,"TF_enhancer","fully_uncoupled",43.5500515995872,422,969
"dev_ratio_threshold",0.2,"TF_enhancer","intermediate",17.3374613003096,168,969
"dev_ratio_threshold",0.2,"TF_enhancer","fully_coupled",39.1124871001032,379,969
"dev_ratio_threshold",0.2,"TF_promoter","fully_uncoupled",66.1722488038278,2766,4180
"dev_ratio_threshold",0.2,"TF_promoter","intermediate",24.1387559808612,1009,4180
"dev_ratio_threshold",0.2,"TF_promoter","fully_coupled",9.688995215311,405,4180
"dev_ratio_threshold",0.3,"TF_enhancer","fully_uncoupled",43.7246963562753,216,494
"dev_ratio_threshold",0.3,"TF_enhancer","intermediate",21.4574898785425,106,494
"dev_ratio_threshold",0.3,"TF_enhancer","fully_coupled",34.8178137651822,172,494
"dev_ratio_threshold",0.3,"TF_promoter","fully_uncoupled",61.1721611721612,1503,2457
"dev_ratio_threshold",0.3,"TF_promoter","intermediate",28.3272283272283,696,2457
"dev_ratio_threshold",0.3,"TF_promoter","fully_coupled",10.5006105006105,258,2457
"dev_ratio_threshold",0.4,"TF_enhancer","fully_uncoupled",41.3385826771654,105,254
"dev_ratio_threshold",0.4,"TF_enhancer","intermediate",28.3464566929134,72,254
"dev_ratio_threshold",0.4,"TF_enhancer","fully_coupled",30.3149606299213,77,254
"dev_ratio_threshold",0.4,"TF_promoter","fully_uncoupled",51.3621794871795,641,1248
"dev_ratio_threshold",0.4,"TF_promoter","intermediate",35.8173076923077,447,1248
"dev_ratio_threshold",0.4,"TF_promoter","fully_coupled",12.8205128205128,160,1248
"dev_ratio_threshold",0.5,"TF_enhancer","fully_uncoupled",43.6363636363636,48,110
"dev_ratio_threshold",0.5,"TF_enhancer","intermediate",24.5454545454545,27,110
"dev_ratio_threshold",0.5,"TF_enhancer","fully_coupled",31.8181818181818,35,110
"dev_ratio_threshold",0.5,"TF_promoter","fully_uncoupled",47.3321858864028,275,581
"dev_ratio_threshold",0.5,"TF_promoter","intermediate",37.0051635111876,215,581
"dev_ratio_threshold",0.5,"TF_promoter","fully_coupled",15.6626506024096,91,581
"estimate_percentile",75,"TF_enhancer","fully_uncoupled",31.8655851680185,275,863
"estimate_percentile",75,"TF_enhancer","intermediate",58.1691772885284,502,863
"estimate_percentile",75,"TF_enhancer","fully_coupled",9.96523754345307,86,863
"estimate_percentile",75,"TF_promoter","fully_uncoupled",41.1009174311927,1344,3270
"estimate_percentile",75,"TF_promoter","intermediate",57.0030581039755,1864,3270
"estimate_percentile",75,"TF_promoter","fully_coupled",1.8960244648318,62,3270
"estimate_percentile",80,"TF_enhancer","fully_uncoupled",38.4708737864078,317,824
"estimate_percentile",80,"TF_enhancer","intermediate",47.6941747572816,393,824
"estimate_percentile",80,"TF_enhancer","fully_coupled",13.8349514563107,114,824
"estimate_percentile",80,"TF_promoter","fully_uncoupled",49.2058548738711,1580,3211
"estimate_percentile",80,"TF_promoter","intermediate",47.5864216754905,1528,3211
"estimate_percentile",80,"TF_promoter","fully_coupled",3.20772345063843,103,3211
"estimate_percentile",90,"TF_enhancer","fully_uncoupled",43.7246963562753,216,494
"estimate_percentile",90,"TF_enhancer","intermediate",21.4574898785425,106,494
"estimate_percentile",90,"TF_enhancer","fully_coupled",34.8178137651822,172,494
"estimate_percentile",90,"TF_promoter","fully_uncoupled",61.1721611721612,1503,2457
"estimate_percentile",90,"TF_promoter","intermediate",28.3272283272283,696,2457
"estimate_percentile",90,"TF_promoter","fully_coupled",10.5006105006105,258,2457
"estimate_percentile",95,"TF_enhancer","fully_uncoupled",37.5,81,216
"estimate_percentile",95,"TF_enhancer","intermediate",7.40740740740741,16,216
"estimate_percentile",95,"TF_enhancer","fully_coupled",55.0925925925926,119,216
"estimate_percentile",95,"TF_promoter","fully_uncoupled",55.9307359307359,646,1155
"estimate_percentile",95,"TF_promoter","intermediate",17.6623376623377,204,1155
"estimate_percentile",95,"TF_promoter","fully_coupled",26.4069264069264,305,1155
